5.877229527705850880e+17,1.237648673995489792e+18,1.901056208558030036e+00,9.930694489992482332e-02
5.877229533066694400e+17,1.237648674531574016e+18,2.196663469151313386e+00,4.149868582515353621e-02
5.877229543805422080e+17,1.237648675605446912e+18,1.839883926472972053e+00,1.800815363571972583e-01
5.877229817344165120e+17,1.237648702959321344e+18,2.385606273598312121e+00,5.287817779740256602e-02
5.877229817700033280e+17,1.237648702994907392e+18,2.657394585211275917e+00,nan
5.877229822854432000e+17,1.237648703510348032e+18,2.720340221751378351e+00,1.793558037072704170e-01
5.877229822984195840e+17,1.237648703523324160e+18,2.720340221751378351e+00,1.170719514613045437e-01
5.877229828192340480e+17,1.237648704044138752e+18,2.385606273598312121e+00,1.120988323636235573e-01
5.877229828408611840e+17,1.237648704065765888e+18,3.266062568876718863e+00,1.980964442916564316e-01
5.877229833527624960e+17,1.237648704577667328e+18,3.010299956639812091e+00,1.060468024178444907e-01
5.877229833721616640e+17,1.237648704597066496e+18,3.010299956639812091e+00,6.049097139661271244e-02
5.877229833729478400e+17,1.237648704597852416e+18,1.989700043360187909e+00,8.700342842966370116e-02
5.877229838921237760e+17,1.237648705117028608e+18,2.614393726401687879e+00,1.280210356013581630e-01
5.877229838988739840e+17,1.237648705123778816e+18,3.266062568876718863e+00,2.411062912737055863e-01
5.877229839100153600e+17,1.237648705134919936e+18,2.559416804894371733e+00,9.354400043895473582e-02
5.877229844207371520e+17,1.237648705645641984e+18,2.525749891599530450e+00,3.903634407076153612e-01
5.877241977379880960e+17,1.237649918962893056e+18,2.385606273598312121e+00,2.172702056173476115e-01
5.877241977396921600e+17,1.237649918964596992e+18,3.010299956639812091e+00,1.364804774101753826e-01
5.877241988134339840e+17,1.237649920038338816e+18,3.634993639681311617e+00,1.242515154403526501e-01
5.877241988200531200e+17,1.237649920044957696e+18,2.385606273598312121e+00,1.499899096626017281e-01
5.877241988212327680e+17,1.237649920046137600e+18,2.261488354973151704e+00,8.767326510740015844e-02
5.877241998875690240e+17,1.237649921112473856e+18,1.989700043360187909e+00,1.151387451697570286e-01
5.877242326429862400e+17,1.237649953867890944e+18,2.559416804894371733e+00,6.425153970844972584e-02
5.877242331736966400e+17,1.237649954398601472e+18,2.720340221751378351e+00,1.324587227580167614e-01
5.877242406946081280e+17,1.237649961919512832e+18,2.196663469151313386e+00,1.048952753540319527e-01
5.877242412266946560e+17,1.237649962451599360e+18,1.839883926472972053e+00,1.035034937422610879e-01
5.877242428362589440e+17,1.237649964061163520e+18,2.385606273598312121e+00,1.909499445025822639e-01
5.877246498009908480e+17,1.237650371025895680e+18,2.196663469151313386e+00,6.659612335187997667e-02
5.877246508662131200e+17,1.237650372091117824e+18,3.010299956639812091e+00,3.628461221148207017e-01
5.877250390156903680e+17,1.237650760240594944e+18,2.614393726401687879e+00,6.509290201614623128e-02
5.877250400997868800e+17,1.237650761324691712e+18,2.129843661361405349e+00,3.553274730138282489e-02
5.877250406263031040e+17,1.237650761851207936e+18,2.385606273598312121e+00,7.390143364200718601e-02
5.877250406285968640e+17,1.237650761853501696e+18,2.614393726401687879e+00,9.212250791637174863e-02
5.877250406374442240e+17,1.237650761862348800e+18,2.821357152192812912e+00,9.830548076701653426e-02
5.877250411741185280e+17,1.237650762399023360e+18,3.494850021680094176e+00,nan
5.877250417113171200e+17,1.237650762936221952e+18,3.494850021680094176e+00,9.350330968746976834e-02
5.877250749895805440e+17,1.237650796214484992e+18,1.989700043360187909e+00,4.436559616016819661e-03
5.877250749927262720e+17,1.237650796217630976e+18,3.010299956639812091e+00,7.687808571483249753e-02
5.877254706747148800e+17,1.237651191899619584e+18,3.266062568876718863e+00,1.354097739731290051e-01
5.877254754917419520e+17,1.237651196716646656e+18,2.385606273598312121e+00,5.097046406298202242e-02
5.877254915991799040e+17,1.237651212824084736e+18,1.901056208558030036e+00,1.218758107396931800e+00
5.877255055572339200e+17,1.237651226782138624e+18,2.720340221751378351e+00,1.479441351114738068e-01
5.877255055572340480e+17,1.237651226782138624e+18,2.385606273598312121e+00,1.230266303765866071e-01
5.877255501363283200e+17,1.237651271361233152e+18,2.385606273598312121e+00,-3.733294055991804444e-02
5.877255511981427200e+17,1.237651272423047424e+18,2.614393726401687879e+00,2.672127960405338773e-02
5.877255512050894080e+17,1.237651272429994240e+18,3.266062568876718863e+00,2.243705762705154039e-01
5.877255512058758400e+17,1.237651272430780672e+18,2.614393726401687879e+00,7.893118576847467371e-02
5.877255512130848000e+17,1.237651272437989376e+18,3.345033904792877877e+00,-3.050479262554895571e-02
5.877255517482517760e+17,1.237651272973156352e+18,2.385606273598312121e+00,1.197272926571264634e-01
5.877255522699184640e+17,1.237651273494823168e+18,2.821357152192812912e+00,1.113627157312808286e-01
5.877255522758821120e+17,1.237651273500786944e+18,2.385606273598312121e+00,3.470045581365271969e-02
5.877255764247841280e+17,1.237651297649688832e+18,2.614393726401687879e+00,9.281214650878631678e-02
5.877255780339550720e+17,1.237651299258859776e+18,3.184110487935871703e+00,-6.859442120173920854e-01
5.877255903819860480e+17,1.237651311606890752e+18,2.385606273598312121e+00,1.573237254679685782e-01
5.877255903821169920e+17,1.237651311607021824e+18,2.870156338638594207e+00,1.767209291230240342e-01
5.877255903859837440e+17,1.237651311610888448e+18,2.821357152192812912e+00,6.973793054826055160e-02
5.877257745299541760e+17,1.237651495754859008e+18,2.385606273598312121e+00,3.103442078325460707e-02
5.877257750662352640e+17,1.237651496291139840e+18,2.720340221751378351e+00,8.459431498058007926e-02
5.877258164151911680e+17,1.237651537640096000e+18,3.141944650251557558e+00,4.634797697595746668e-02
5.877258164203685120e+17,1.237651537645273344e+18,2.720340221751378351e+00,7.352500193225955383e-02
5.877258164224001280e+17,1.237651537647304704e+18,2.235790156711096266e+00,9.059747704710099936e-02
5.877258169439356160e+17,1.237651538168840448e+18,2.385606273598312121e+00,7.105683761634708218e-02
5.877258169490472960e+17,1.237651538173952000e+18,1.989700043360187909e+00,4.192188320019789027e-01
5.877258169633998080e+17,1.237651538188304384e+18,2.720340221751378351e+00,1.339855184425442769e-01
5.877258174893917440e+17,1.237651538714296576e+18,2.525749891599530450e+00,2.048611582189202307e-01
5.877258180229859840e+17,1.237651539247890688e+18,3.010299956639812091e+00,1.275331966013789897e-01
5.877258180248864000e+17,1.237651539249790976e+18,2.385606273598312121e+00,1.146290103759606965e-01
5.877259812247962880e+17,1.237651702449701120e+18,2.196663469151313386e+00,3.168918753109720154e-02
5.877259935725651200e+17,1.237651714797469952e+18,2.720340221751378351e+00,3.255774788866998004e-01
5.877260139967938560e+17,1.237651735221698560e+18,2.720340221751378351e+00,6.023010805156179398e-02
5.877260140026266880e+17,1.237651735227531520e+18,2.385606273598312121e+00,1.655711447545445691e-01
5.877260140105566720e+17,1.237651735235461376e+18,3.010299956639812091e+00,7.863238615106342422e-02
5.877260140131781120e+17,1.237651735238082816e+18,2.720340221751378351e+00,-2.411159909402547652e-01
5.877260150855435520e+17,1.237651736310448384e+18,3.010299956639812091e+00,3.412578257251888125e-01
5.877260161524696320e+17,1.237651737377374464e+18,2.129843661361405349e+00,2.271829146838885427e-01
5.877260161643317760e+17,1.237651737389236480e+18,2.720340221751378351e+00,8.064202313265832200e-02
5.877260166855394560e+17,1.237651737910444032e+18,2.614393726401687879e+00,5.307600867648099713e-02
5.877260166928796160e+17,1.237651737917784320e+18,2.657394585211275917e+00,1.382700151765477725e-01
5.877260317029172480e+17,1.237651752927821824e+18,2.614393726401687879e+00,2.808387222811292369e-02
5.877260317033760000e+17,1.237651752928280576e+18,3.010299956639812091e+00,7.599035329574770070e-02
5.877260317041624320e+17,1.237651752929067008e+18,2.614393726401687879e+00,6.387125770739983388e-02
5.877260317302458880e+17,1.237651752955150592e+18,1.839883926472972053e+00,6.389698602812021733e-02
5.877260322374288640e+17,1.237651753462333696e+18,3.010299956639812091e+00,3.064910230005020095e-02
5.877260327959266560e+17,1.237651754020831232e+18,5.133117094857384544e-01,1.623293696224918925e+00
5.877260333088113920e+17,1.237651754533715968e+18,2.196663469151313386e+00,6.547846198825291175e-02
5.877260333089425920e+17,1.237651754533847296e+18,2.385606273598312121e+00,4.598169290093000877e-02
5.877260333301761280e+17,1.237651754555080960e+18,2.385606273598312121e+00,-4.182334263496496549e-03
5.877260333389579520e+17,1.237651754563862784e+18,2.781512503836436334e+00,2.222003408728060736e-01
5.877260338751079680e+17,1.237651755100012800e+18,2.196663469151313386e+00,-5.908971082724074897e-01
5.877261004164303360e+17,1.237651821641335040e+18,2.235790156711096266e+00,1.623965674437094775e-01
5.877261009563159040e+17,1.237651822181220608e+18,3.010299956639812091e+00,1.791088076919057359e-01
5.877261020318272000e+17,1.237651823256731904e+18,1.839883926472972053e+00,2.368805309015053692e-02
5.877261025578845440e+17,1.237651823782789376e+18,3.010299956639812091e+00,3.573566254053640867e-02
5.877268772632008960e+17,1.237652598488105216e+18,2.129843661361405349e+00,4.615044517079439079e-02
5.877268788770245120e+17,1.237652600101929472e+18,2.129843661361405349e+00,2.146188218070856635e-01
5.877268788776798720e+17,1.237652600102584576e+18,2.196663469151313386e+00,8.323449013367514859e-02
5.877268794095705600e+17,1.237652600634475264e+18,2.720340221751378351e+00,9.026637574531155839e-02
5.877271779137291520e+17,1.237652899138633728e+18,2.720340221751378351e+00,1.146080572845066259e-01
5.877271779221177600e+17,1.237652899147022336e+18,2.235790156711096266e+00,3.596839257155919761e-02
5.877271779246736640e+17,1.237652899149578496e+18,3.266062568876718863e+00,2.978786097843724168e-01
5.877271784515831040e+17,1.237652899676487680e+18,2.385606273598312121e+00,4.998172736470282013e-02
5.877271789894370560e+17,1.237652900214341888e+18,1.505149978319906046e+00,1.457001024100709752e-01
5.877271790007092480e+17,1.237652900225613824e+18,3.266062568876718863e+00,6.765328434249426315e-02
5.877271795360071680e+17,1.237652900760911872e+18,3.010299956639812091e+00,8.436742086032748833e-02
5.877271795386944000e+17,1.237652900763599104e+18,2.385606273598312121e+00,1.508093109852891300e-01
5.877271800625233920e+17,1.237652901287428096e+18,2.821357152192812912e+00,1.400853586092441483e-01
5.877271800684216320e+17,1.237652901293326336e+18,2.614393726401687879e+00,3.911412053554413903e-01
5.877272122749094400e+17,1.237652933499814144e+18,2.720340221751378351e+00,2.320983429551699839e-01
5.877272208769680640e+17,1.237652942101872896e+18,2.614393726401687879e+00,-6.014745403428422676e+00
5.877272219396999680e+17,1.237652943164604672e+18,3.010299956639812091e+00,1.722481324148723847e-01
5.877272219511686400e+17,1.237652943176073472e+18,2.781512503836436334e+00,3.857736589068753164e-01
5.877272219514307840e+17,1.237652943176335360e+18,3.010299956639812091e+00,1.176128126433802074e-01
5.877272230148837120e+17,1.237652944239788288e+18,2.821357152192812912e+00,1.373910461082193391e-01
5.877272256946504960e+17,1.237652946919555072e+18,3.010299956639812091e+00,6.986398726718769103e-02
5.877272262355846400e+17,1.237652947460489216e+18,2.129843661361405349e+00,1.268799906625034946e-01
5.877272262364366080e+17,1.237652947461341184e+18,2.720340221751378351e+00,2.243163748311429451e-01
5.877272267676057600e+17,1.237652947992510464e+18,2.385606273598312121e+00,1.153521000584327993e-01
5.877272299854234880e+17,1.237652951210328320e+18,3.766638333293057528e+00,9.672394542107755344e-02
5.877272315955774720e+17,1.237652952820482304e+18,1.839883926472972053e+00,2.230519775235787761e-01
5.877272315972814080e+17,1.237652952822186240e+18,2.898917983084050576e+00,9.066039906221526334e-02
5.877277797437932800e+17,1.237653500968697856e+18,2.720340221751378351e+00,2.141817038654429406e-01
5.877278656457606400e+17,1.237653586870665472e+18,2.385606273598312121e+00,3.110821427982657372e-01
5.877278656496272640e+17,1.237653586874532096e+18,2.614393726401687879e+00,1.755090104666733319e-01
5.877278667179952640e+17,1.237653587942899968e+18,2.385606273598312121e+00,1.122000918377461937e-01
5.877278667183883520e+17,1.237653587943293184e+18,2.385606273598312121e+00,2.196285605896995397e-01
5.877278672548661760e+17,1.237653588479770880e+18,3.494850021680094176e+00,1.390225716197530936e-01
5.877279429529437440e+17,1.237653664177848320e+18,1.839883926472972053e+00,1.190886379986459964e-01
5.877279429587764480e+17,1.237653664183681024e+18,3.010299956639812091e+00,1.757500833280001007e-01
5.877279440270789120e+17,1.237653665251983616e+18,2.129843661361405349e+00,1.780515468392953604e-01
5.877279440270790400e+17,1.237653665251983616e+18,3.010299956639812091e+00,7.401733760699533149e-02
5.877283080300135680e+17,1.237654029254918144e+18,3.184110487935871703e+00,1.833779721589783307e-01
5.877283085685884160e+17,1.237654029793493248e+18,2.898917983084050576e+00,-8.988379780423076948e-01
5.877283096425268480e+17,1.237654030867431680e+18,2.129843661361405349e+00,1.071426636562294032e-01
5.877286645060732160e+17,1.237654385730977792e+18,2.385606273598312121e+00,2.321493621589789946e-01
5.877286655797495040e+17,1.237654386804654080e+18,2.385606273598312121e+00,4.537772003778065555e-01
5.877286768611820800e+17,1.237654398086086912e+18,3.010299956639812091e+00,2.103290997497268555e-01
5.877286773945795840e+17,1.237654398619484416e+18,3.494850021680094176e+00,2.446693233800991685e-01
5.877288792651203840e+17,1.237654600490025216e+18,2.385606273598312121e+00,-8.035330579609060997e-02
5.877288792723293440e+17,1.237654600497233920e+18,2.129843661361405349e+00,4.665296707218317962e-02
5.877288797935374080e+17,1.237654601018441984e+18,2.385606273598312121e+00,1.558115068832631456e-01
5.877288798027121920e+17,1.237654601027616768e+18,3.890756251918218389e+00,-6.783915238978346918e-02
5.877288798077584640e+17,1.237654601032663040e+18,2.129843661361405349e+00,3.491359664017751885e-01
5.877288803443672320e+17,1.237654601569271808e+18,3.010299956639812091e+00,1.022144729978089195e-01
5.877288808781579520e+17,1.237654602103062528e+18,2.525749891599530450e+00,7.010597785120592507e-02
5.877289189821646080e+17,1.237654640207069184e+18,1.839883926472972053e+00,1.301927603512244846e-01
5.877289189853758720e+17,1.237654640210280448e+18,2.821357152192812912e+00,2.228795445886037063e-01
5.877289195207394560e+17,1.237654640745644288e+18,1.989700043360187909e+00,-3.406081998338303385e-02
5.877289200586588160e+17,1.237654641283563520e+18,2.129843661361405349e+00,1.204987840284206524e-02
5.877289302690366720e+17,1.237654651493941248e+18,2.385606273598312121e+00,1.310914820708508066e-01
5.877289313329482240e+17,1.237654652557852928e+18,3.494850021680094176e+00,nan
5.877289313355041280e+17,1.237654652560408832e+18,3.010299956639812091e+00,5.608052300700551440e-02
5.877289318755861760e+17,1.237654653100491008e+18,2.129843661361405349e+00,1.563697340848339279e-01
5.877289318762414080e+17,1.237654653101146368e+18,3.266062568876718863e+00,3.398329250925853362e-01
5.877289318844990720e+17,1.237654653109403904e+18,2.821357152192812912e+00,6.792111318279014931e-02
5.877289324089838080e+17,1.237654653633888512e+18,2.385606273598312121e+00,3.199368346364467319e-02
5.877289479791576320e+17,1.237654669204062464e+18,3.010299956639812091e+00,1.454570276797536622e-02
5.877289485136692480e+17,1.237654669738573824e+18,3.010299956639812091e+00,1.030030375726909975e-01
5.877291535973090560e+17,1.237654874822213632e+18,2.129843661361405349e+00,1.220193564589197172e-01
5.877291535989474560e+17,1.237654874823852032e+18,2.129843661361405349e+00,1.095338524058036417e-01
5.877291557456446720e+17,1.237654876970549504e+18,2.385606273598312121e+00,9.144851514530044634e-02
5.877291562804184320e+17,1.237654877505323008e+18,3.890756251918218389e+00,nan
5.877291600428400640e+17,1.237654881267744768e+18,2.720340221751378351e+00,1.142841726694364818e-01
5.877291600556198400e+17,1.237654881280524544e+18,2.614393726401687879e+00,5.887876115679031852e-02
5.877291605771552000e+17,1.237654881802060032e+18,2.129843661361405349e+00,1.470637539680932360e-01
5.877291605796455680e+17,1.237654881804550144e+18,2.559416804894371733e+00,8.228703964446267005e-02
5.877292271461336320e+17,1.237654948371038464e+18,3.010299956639812091e+00,1.721869290172172717e-01
5.877292314450333440e+17,1.237654952669938176e+18,3.116246451989502120e+00,1.572379558853227166e-01
5.877292319819695360e+17,1.237654953206874112e+18,1.989700043360187909e+00,4.207597509221940313e-01
5.877292319822320640e+17,1.237654953207136768e+18,3.566052217253145695e+00,nan
5.877292330547939840e+17,1.237654954279698688e+18,2.385606273598312121e+00,5.945441352039293470e-02
5.877292330590540800e+17,1.237654954283958784e+18,1.839883926472972053e+00,7.899189184539058273e-01
5.877293855393054720e+17,1.237655106764210176e+18,2.129843661361405349e+00,1.814195101395865428e-01
5.877293855427790080e+17,1.237655106767683584e+18,2.385606273598312121e+00,-1.271113845095104500e+00
5.877293860660839680e+17,1.237655107290988544e+18,1.505149978319906046e+00,1.227172285067211904e-01
5.877293865978432000e+17,1.237655107822747904e+18,3.313789158407870694e+00,2.978725070872345060e-01
5.877293866034136320e+17,1.237655107828318464e+18,2.385606273598312121e+00,1.128381396668425019e-01
5.877293866082632960e+17,1.237655107833167872e+18,1.839883926472972053e+00,1.089664047113168138e-01
5.877293866131129600e+17,1.237655107838017536e+18,2.129843661361405349e+00,1.437808995340767448e-01
5.877293866147513600e+17,1.237655107839656192e+18,3.383468048124332661e+00,7.405274508916473430e-02
5.877293866205840640e+17,1.237655107845488896e+18,3.116246451989502120e+00,1.917604945687144680e-01
5.877293876808910080e+17,1.237655108905795840e+18,1.839883926472972053e+00,9.639444729819865443e-02
5.877293882088490240e+17,1.237655109433753600e+18,2.385606273598312121e+00,2.037678600615324687e-01
5.877293882235946240e+17,1.237655109448499200e+18,2.870156338638594207e+00,4.434614978262589602e-02
5.877294080807407360e+17,1.237655129305645312e+18,3.634993639681311617e+00,8.036676959094876671e-02
5.877294080840176640e+17,1.237655129308922368e+18,3.494850021680094176e+00,1.376850479638797031e-01
5.877294086131550720e+17,1.237655129838059776e+18,3.116246451989502120e+00,nan
5.877294091573006080e+17,1.237655130382205184e+18,2.720340221751378351e+00,2.898254476826875869e-01
5.877296523493378560e+17,1.237655373574242560e+18,2.614393726401687879e+00,7.419756444085778835e-02
5.877296539592295680e+17,1.237655375184134400e+18,2.385606273598312121e+00,5.906562229512733048e-02
5.877297479133433600e+17,1.237655469138248192e+18,2.385606273598312121e+00,1.043117285215716811e-01
5.877297484494932480e+17,1.237655469674397952e+18,2.385606273598312121e+00,4.144597175494749153e-02
5.877297511373216000e+17,1.237655472362226176e+18,2.720340221751378351e+00,4.514283952910416731e-02
5.877297522124396800e+17,1.237655473437344512e+18,3.494850021680094176e+00,-2.119920951279211929e-01
5.877297527499654400e+17,1.237655473974870528e+18,3.266062568876718863e+00,4.745247792454733160e-01
5.877297532779891200e+17,1.237655474502893824e+18,2.559416804894371733e+00,-1.961270160324232389e-02
5.877297731485698560e+17,1.237655494373474560e+18,1.989700043360187909e+00,1.409116373531701383e-01
5.877297769077800960e+17,1.237655498132684800e+18,2.196663469151313386e+00,-3.838584960933506297e-03
5.877297774534986240e+17,1.237655498678403328e+18,2.385606273598312121e+00,1.023153878278089401e-01
5.877297779798837760e+17,1.237655499204788480e+18,2.385606273598312121e+00,8.911579145941735461e-03
5.877297785220629760e+17,1.237655499746967552e+18,2.129843661361405349e+00,9.839461302182174463e-02
5.877299701841267200e+17,1.237655691409031424e+18,3.010299956639812091e+00,4.468002200689449865e-02
5.877300217157387520e+17,1.237655742940643328e+18,3.010299956639812091e+00,2.063567411378937622e-01
5.877300222611296000e+17,1.237655743486034176e+18,3.494850021680094176e+00,1.709572748464135150e-01
5.877300222612606720e+17,1.237655743486165248e+18,2.614393726401687879e+00,7.044943056668205583e-02
5.877300225196688640e+17,1.237655743476138240e+18,2.385606273598312121e+00,6.116776975877497025e-02
5.877300227888252160e+17,1.237655744013729792e+18,2.196663469151313386e+00,2.761440624735245764e-01
5.877300233286453760e+17,1.237655744553550080e+18,3.010299956639812091e+00,1.195814202292072234e-02
5.877307733373748480e+17,1.237656494562279424e+18,2.614393726401687879e+00,4.549702301628546497e-01
5.877307733388825600e+17,1.237656494563787264e+18,2.129843661361405349e+00,3.652932297970456488e-01
5.877307738892535040e+17,1.237656495114158080e+18,2.821357152192812912e+00,-3.236150745575897686e-02
5.877308162861958400e+17,1.237656537511100416e+18,2.525749891599530450e+00,nan
5.877308173652459520e+17,1.237656538590150912e+18,3.010299956639812091e+00,-9.123828656977498452e-01
5.877308463564065280e+17,1.237656567581311232e+18,2.385606273598312121e+00,8.480194877839644652e-02
5.877308479644636160e+17,1.237656569189368320e+18,2.385606273598312121e+00,-5.758230033668852998e-01
5.877308479658397440e+17,1.237656569190744576e+18,3.266062568876718863e+00,2.372888932070619239e-01
5.877308485011377920e+17,1.237656569726042368e+18,2.385606273598312121e+00,2.704870996778975800e-01
5.877311722325283840e+17,1.237656893457433088e+18,1.989700043360187909e+00,1.762587564567812681e-01
5.877311738446480640e+17,1.237656895069552896e+18,2.385606273598312121e+00,2.024825203160593723e-01
5.877311851154640640e+17,1.237656906340368896e+18,3.184110487935871703e+00,-2.152054213974265717e-01
5.877311856508275200e+17,1.237656906875732224e+18,2.385606273598312121e+00,1.322669106179956977e-01
5.877311856559393280e+17,1.237656906880844032e+18,2.385606273598312121e+00,3.076957289716215627e-01
5.877311856577743360e+17,1.237656906882679040e+18,2.385606273598312121e+00,2.403217560593265134e-01
5.877311856625584640e+17,1.237656906887463168e+18,3.634993639681311617e+00,1.252149327769357390e-01
5.877311856713401600e+17,1.237656906896244992e+18,3.010299956639812091e+00,1.714428423832221049e-01
5.877311861983808000e+17,1.237656907423285504e+18,3.010299956639812091e+00,2.006744294415547802e-01
5.877311862072936960e+17,1.237656907432198400e+18,2.129843661361405349e+00,6.462833801186647353e-02
5.877311862089975040e+17,1.237656907433902336e+18,2.614393726401687879e+00,1.447558230307586236e-01
5.877311867269288960e+17,1.237656907951833600e+18,3.010299956639812091e+00,1.696477436097314218e-01
5.877311867344652800e+17,1.237656907959370240e+18,3.494850021680094176e+00,1.174344964982115963e-01
5.877311867353171200e+17,1.237656907960221952e+18,1.505149978319906046e+00,6.847436015870307646e-02
5.877311867442300160e+17,1.237656907969134848e+18,2.129843661361405349e+00,8.498795699407164783e-02
5.877311867463925760e+17,1.237656907971297280e+18,8.804562952784061869e-01,1.452352046360161353e+00
5.877311867463925760e+17,1.237656907971297280e+18,9.691001300805641705e-01,1.585377314621836620e+00
5.877311878057822720e+17,1.237656909030686976e+18,2.559416804894371733e+00,1.121183909213350344e-01
5.877311878073550080e+17,1.237656909032259584e+18,2.196663469151313386e+00,1.193173408139684699e-01
5.877311878170542080e+17,1.237656909041958912e+18,2.614393726401687879e+00,7.702100921111478815e-01
5.877315002563953920e+17,1.237657221481300224e+18,2.385606273598312121e+00,1.271837997270860721e-01
5.877315115397939200e+17,1.237657232764698624e+18,3.494850021680094176e+00,1.825342340462103863e-01
5.877315120761408000e+17,1.237657233301045504e+18,2.720340221751378351e+00,2.194633060209219833e-01
5.877315120815801600e+17,1.237657233306484992e+18,3.010299956639812091e+00,7.809282647568582814e-02
5.877315120818421760e+17,1.237657233306746880e+18,1.989700043360187909e+00,1.057375301782975119e-01
5.877315126123562240e+17,1.237657233837260800e+18,2.385606273598312121e+00,2.240996625747014304e-01
5.877315126179267840e+17,1.237657233842831616e+18,2.385606273598312121e+00,3.447770200034516730e-02
5.877315126203516160e+17,1.237657233845256448e+18,3.890756251918218389e+00,3.403875958721862549e-01
5.877315136852460800e+17,1.237657234910150656e+18,3.634993639681311617e+00,8.579077461058362553e-02
5.877315142147769600e+17,1.237657235439681536e+18,2.720340221751378351e+00,1.764472400369509753e-01
5.877315142280807680e+17,1.237657235452985344e+18,2.385606273598312121e+00,1.298900467336902009e-01
5.877315142309643520e+17,1.237657235455868928e+18,2.385606273598312121e+00,1.554861938986347447e-01
5.877315211980312320e+17,1.237657242422935808e+18,2.074866739854090092e+00,9.084731421250152872e-02
5.877315222762946560e+17,1.237657243501199616e+18,3.010299956639812091e+00,2.471370845238380076e-01
5.877316795823555840e+17,1.237657400807260416e+18,1.989700043360187909e+00,1.951645810619694055e-02
5.877318690875639040e+17,1.237657590312468480e+18,2.385606273598312121e+00,1.185383443273842485e-01
5.877318690906440960e+17,1.237657590315548928e+18,3.266062568876718863e+00,1.630458480190475345e-01
5.877318690941175040e+17,1.237657590319022080e+18,2.385606273598312121e+00,1.610425893290929333e-01
5.877318696349861120e+17,1.237657590859890688e+18,2.720340221751378351e+00,-8.470995910827372119e-03
5.877318701636650240e+17,1.237657591388569856e+18,2.385606273598312121e+00,2.619269514520686237e-01
5.877318701689734400e+17,1.237657591393878272e+18,2.559416804894371733e+00,6.350986873254099718e-02
5.877318728461191680e+17,1.237657594071023872e+18,2.385606273598312121e+00,-6.528215148981391103e+00
5.877318728467091200e+17,1.237657594071613952e+18,3.383468048124332661e+00,-1.148685985798026366e+02
5.877318739216305920e+17,1.237657595146535424e+18,2.614393726401687879e+00,-1.555832614709623252e-01
5.877318857360016640e+17,1.237657606960906496e+18,1.989700043360187909e+00,-2.961727799019268567e-02
5.877318868044353280e+17,1.237657608029339904e+18,2.614393726401687879e+00,7.784166837786450632e-02
5.877318868132825600e+17,1.237657608038187264e+18,2.196663469151313386e+00,1.261279412551052359e-01
5.877318878857135360e+17,1.237657609110618368e+18,2.129843661361405349e+00,1.242004698849129979e-01
5.877318895049114880e+17,1.237657610729816320e+18,2.525749891599530450e+00,3.878419286570385094e-02
5.877318900410616320e+17,1.237657611265966336e+18,2.720340221751378351e+00,1.897700617256539435e-01
5.877318905813401600e+17,1.237657611806244864e+18,3.217263382430937124e+00,1.394314288015639225e-01
5.877318911129027840e+17,1.237657612337807360e+18,3.141944650251557558e+00,7.956403589467384019e-02
5.877318916519363840e+17,1.237657612876841216e+18,1.839883926472972053e+00,2.138053629128537081e-01
5.877318916532471040e+17,1.237657612878151680e+18,2.614393726401687879e+00,1.336455975850226741e-01
5.877318921894626560e+17,1.237657613414367232e+18,2.614393726401687879e+00,9.095222540565910119e-02
5.877318921916908800e+17,1.237657613416595456e+18,3.010299956639812091e+00,7.066646888624997236e-02
5.877319131112407040e+17,1.237657634336145408e+18,2.385606273598312121e+00,1.498895339149922401e-01
5.877320532385466880e+17,1.237657774463451392e+18,1.839883926472972053e+00,1.260291307095324220e-01
5.877320532393985280e+17,1.237657774464303104e+18,2.385606273598312121e+00,2.326822444072420004e-01
5.877320532430031360e+17,1.237657774467907840e+18,2.720340221751378351e+00,7.414602454290167288e-02
5.877320537798739200e+17,1.237657775004778752e+18,3.010299956639812091e+00,1.241872226165655207e-01
5.877320543092736000e+17,1.237657775534178560e+18,1.989700043360187909e+00,6.368600214685858907e-01
5.877320543131404800e+17,1.237657775538045184e+18,2.129843661361405349e+00,3.846049663494297000e-01
5.877321343030394880e+17,1.237657855527944192e+18,2.720340221751378351e+00,2.059050737672086517e-01
5.877321359192884480e+17,1.237657857144193280e+18,2.720340221751378351e+00,1.032458405760565967e-01
5.877321525675296000e+17,1.237657873792434432e+18,3.345033904792877877e+00,1.938925391420369682e-01
5.877321568550914560e+17,1.237657878079996160e+18,3.701813447471219654e+00,9.212749535423561675e-02
5.877321568559434240e+17,1.237657878080848128e+18,2.821357152192812912e+00,1.206703058849619148e-01
5.877321573925521920e+17,1.237657878617456896e+18,2.385606273598312121e+00,5.464698774694021904e-02
5.877324822048276480e+17,1.237658203429732352e+18,3.010299956639812091e+00,4.546016870880292826e-01
5.877324838354945280e+17,1.237658205060399104e+18,1.989700043360187909e+00,6.363252007437962543e-02
5.877324843588648960e+17,1.237658205583769600e+18,2.720340221751378351e+00,1.545710717505185960e-01
5.877324848986850560e+17,1.237658206123589632e+18,2.821357152192812912e+00,1.340321596176275720e-01
5.877324849050420480e+17,1.237658206129946880e+18,2.129843661361405349e+00,1.382939464633908266e-01
5.877325772336660480e+17,1.237658298458570752e+18,1.331339447023846212e+00,1.367772931279135351e+00
5.877325783097016320e+17,1.237658299534606592e+18,2.720340221751378351e+00,2.653117615075734625e-01
5.877325788340552960e+17,1.237658300058960128e+18,3.266062568876718863e+00,1.110442396480232796e+00
5.877325788405433600e+17,1.237658300065448192e+18,2.720340221751378351e+00,2.644202355409004390e-01
5.877325793814775040e+17,1.237658300606382336e+18,3.010299956639812091e+00,1.326786665840989365e-01
5.877325820539046400e+17,1.237658303278809344e+18,2.781512503836436334e+00,-3.105589868095004480e-01
5.877325820571811840e+17,1.237658303282085888e+18,2.445102390096851153e+00,nan
5.877325825936588800e+17,1.237658303818563584e+18,2.385606273598312121e+00,4.060157735571992554e-01
5.877325825941832960e+17,1.237658303819087872e+18,3.010299956639812091e+00,1.021703291319182444e-01
5.877325909088665600e+17,1.237658311865336064e+18,2.821357152192812912e+00,1.080265424055790596e-01
5.877325911796614400e+17,1.237658312404566272e+18,2.821357152192812912e+00,8.996681072324438921e-02
5.877325911833314560e+17,1.237658312408236288e+18,2.821357152192812912e+00,-2.671969615854103558e-02
5.877325917175153920e+17,1.237658312942420224e+18,2.821357152192812912e+00,1.391412667361823785e-01
5.877327012518298880e+17,1.237658422476734720e+18,2.385606273598312121e+00,2.630753989501487533e-01
5.877327012630365440e+17,1.237658422487941120e+18,2.614393726401687879e+00,1.180417715156271558e-01
5.877327012648715520e+17,1.237658422489776128e+18,2.657394585211275917e+00,2.181426861990177352e-02
5.877327017952544000e+17,1.237658423020158976e+18,3.010299956639812091e+00,1.139889977732528314e-01
5.877327023260304640e+17,1.237658423550935296e+18,2.720340221751378351e+00,1.437299642355746032e-01
5.877327023357953280e+17,1.237658423560700160e+18,2.614393726401687879e+00,1.458413746870027283e-01
5.877327028514325760e+17,1.237658424076337152e+18,2.385606273598312121e+00,2.200176601870359461e-01
5.877327034000344320e+17,1.237658424624939008e+18,2.474250108400469994e+00,5.645271561199011190e-01
5.877327034004277760e+17,1.237658424625332480e+18,3.010299956639812091e+00,-5.743162838696286472e-03
5.877327039471289600e+17,1.237658425172033792e+18,2.385606273598312121e+00,5.628020914395077956e-02
5.877327705143379200e+17,1.237658491739242752e+18,2.385606273598312121e+00,-2.321970186265626818e-02
5.877327715857204480e+17,1.237658492810625024e+18,2.218487496163563666e+00,-1.114756240493509735e-02
5.877327721176106240e+17,1.237658493342515456e+18,2.129843661361405349e+00,1.974861138684943229e-01
5.877330797349438720e+17,1.237658800959848704e+18,2.657394585211275917e+00,-2.041522361440778477e-02
5.877330802708317440e+17,1.237658801495736320e+18,2.129843661361405349e+00,1.963836574129088075e-01
5.877330802720769280e+17,1.237658801496981760e+18,2.870156338638594207e+00,6.187430382814990137e-02
5.877330808157635840e+17,1.237658802040668416e+18,2.385606273598312121e+00,1.551032071702803938e-01
5.877330813454909440e+17,1.237658802570395648e+18,2.385606273598312121e+00,-1.684491400531619443e-01
5.877330813549937920e+17,1.237658802579898368e+18,2.821357152192812912e+00,1.378544271070699101e-01
5.877330818918647040e+17,1.237658803116769280e+18,2.559416804894371733e+00,1.182780975233590215e-01
5.877333975665868800e+17,1.237659118791491584e+18,2.385606273598312121e+00,3.394754508518673664e-01
5.877334254811874560e+17,1.237659146706092288e+18,2.196663469151313386e+00,7.172450124680622430e-02
5.877334276231660800e+17,1.237659148848070912e+18,2.720340221751378351e+00,5.604814340322042399e-02
5.877334286994638080e+17,1.237659149924368640e+18,1.839883926472972053e+00,1.067452204915520508e-01
5.877334324572981760e+17,1.237659153682202880e+18,2.720340221751378351e+00,2.494454945086712339e-01
5.877334324601818880e+17,1.237659153685086720e+18,2.559416804894371733e+00,1.009011840625845258e-01
5.877334410558836480e+17,1.237659162280788480e+18,1.989700043360187909e+00,1.368070431174328305e-01
5.877334415896743680e+17,1.237659162814578944e+18,2.614393726401687879e+00,1.551273555627860623e-01
5.877336037183980800e+17,1.237659324943302656e+18,2.129843661361405349e+00,1.564934167169350909e-01
5.877343038052108800e+17,1.237660025030115584e+18,3.010299956639812091e+00,2.265562606611620788e-01
5.877343038075700480e+17,1.237660025032474624e+18,2.385606273598312121e+00,2.887068829989005714e-01
5.877343043391326720e+17,1.237660025564037120e+18,2.385606273598312121e+00,3.877989593852003425e-02
5.877343048828848640e+17,1.237660026107789568e+18,2.720340221751378351e+00,1.648363956580755074e-01
5.877346216284654080e+17,1.237660342853370112e+18,3.494850021680094176e+00,1.546990959892430018e-01
5.877346216311521280e+17,1.237660342856057088e+18,2.720340221751378351e+00,2.259209200369011183e-01
5.877346216354776320e+17,1.237660342860382208e+18,2.657394585211275917e+00,1.421064265761958212e-01
5.877346227008966400e+17,1.237660343925801216e+18,2.385606273598312121e+00,1.129754570535260877e-01
5.877346919630768640e+17,1.237660413187981568e+18,2.720340221751378351e+00,6.505952325616927434e-02
5.877348632201792000e+17,1.237660584445083904e+18,3.010299956639812091e+00,8.833293198310339378e-02
5.877348632216208640e+17,1.237660584446525696e+18,3.010299956639812091e+00,1.539880963894956767e-01
5.877348642954282240e+17,1.237660585520332800e+18,3.010299956639812091e+00,1.230405733351937897e-01
5.877348916773520640e+17,1.237660612902256896e+18,2.385606273598312121e+00,4.931327691576827682e-02
5.877348932881614080e+17,1.237660614513065984e+18,3.010299956639812091e+00,5.701270373979739903e-01
5.877348943659009280e+17,1.237660615590805504e+18,3.010299956639812091e+00,2.021265206390366331e-01
5.877349480504362240e+17,1.237660669275340800e+18,2.385606273598312121e+00,2.237402009217253351e-01
5.877349485802949120e+17,1.237660669805199616e+18,2.385606273598312121e+00,1.299209074772226802e-01
5.877352395693098240e+17,1.237660960794214656e+18,2.129843661361405349e+00,5.648214487600436429e-02
5.877352395707516160e+17,1.237660960795656448e+18,3.010299956639812091e+00,-3.339345773699621822e-01
5.877352406440346880e+17,1.237660961868939520e+18,3.266062568876718863e+00,9.120906444978228722e-02
5.877352411811023360e+17,1.237660962406007040e+18,2.781512503836436334e+00,-3.683168457284002190e-02
5.877353431858545920e+17,1.237661064410759424e+18,3.494850021680094176e+00,1.229383235012146552e-01
5.877353431872308480e+17,1.237661064412135424e+18,2.129843661361405349e+00,9.822603029210091874e-02
5.877353431904419840e+17,1.237661064415346688e+18,1.989700043360187909e+00,1.901226828244810818e-01
5.877353437160413440e+17,1.237661064940945664e+18,2.720340221751378351e+00,1.911094334661828098e-01
5.877353437174174720e+17,1.237661064942322176e+18,2.720340221751378351e+00,1.424542896801825331e-01
5.877353469625632000e+17,1.237661068187468032e+18,3.266062568876718863e+00,2.469171813155416478e-02
5.877353469630219520e+17,1.237661068187926528e+18,2.129843661361405349e+00,1.320156899168554998e-01
5.877353485731759360e+17,1.237661069798080512e+18,3.010299956639812091e+00,1.742244253629916806e-01
5.877353496454759680e+17,1.237661070870380544e+18,3.010299956639812091e+00,1.864532093888630337e-01
5.877354296187290880e+17,1.237661150843633664e+18,3.345033904792877877e+00,1.089418431158402645e-01
5.877356610146142720e+17,1.237661382239518976e+18,2.385606273598312121e+00,2.921112518581586021e-02
5.877356626259477760e+17,1.237661383850852352e+18,2.129843661361405349e+00,4.459295489581746041e-01
5.877356647775601920e+17,1.237661386002464768e+18,2.385606273598312121e+00,1.297911629170567516e-01
5.877356663780802560e+17,1.237661387602984960e+18,3.010299956639812091e+00,2.164336307093773504e-01
5.877356663796532480e+17,1.237661387604558080e+18,2.385606273598312121e+00,9.316022231748175009e-02
5.877356669274688000e+17,1.237661388152373504e+18,2.385606273598312121e+00,2.789347293076949730e-01
5.877356669295002880e+17,1.237661388154404864e+18,1.989700043360187909e+00,3.132600946825382371e-01
5.877356674528051200e+17,1.237661388677709824e+18,2.385606273598312121e+00,4.355175557194794767e-01
5.877356948416102400e+17,1.237661416066514944e+18,2.720340221751378351e+00,1.095547957231060021e-01
5.877356953697649920e+17,1.237661416594669824e+18,1.505149978319906046e+00,7.321390305263361653e-02
5.877356964452107520e+17,1.237661417670115328e+18,2.720340221751378351e+00,1.367096601994737259e-01
5.877356969820816640e+17,1.237661418206986240e+18,2.385606273598312121e+00,1.445553437409362041e-01
5.877357442278361600e+17,1.237661465452740864e+18,3.010299956639812091e+00,2.445019051774361130e-01
5.877364775963198720e+17,1.237662198821224448e+18,2.821357152192812912e+00,1.703277154368559865e-01
5.877364791996581120e+17,1.237662200424562688e+18,1.989700043360187909e+00,3.368597663126064456e-01
5.877365237621066240e+17,1.237662244987011328e+18,2.129843661361405349e+00,5.691535295600783084e-02
5.877365253717361920e+17,1.237662246596640768e+18,2.720340221751378351e+00,1.773435999791273254e-01
5.877365253721295360e+17,1.237662246597034240e+18,3.266062568876718863e+00,1.674859211509097667e-01
5.877365253721948160e+17,1.237662246597099520e+18,2.385606273598312121e+00,8.657789176374115769e-02
5.877365259107697920e+17,1.237662247135674624e+18,2.385606273598312121e+00,2.267010770758243476e-01
5.877365414746524160e+17,1.237662262699557120e+18,2.720340221751378351e+00,1.003457481885671604e-01
5.877365414800262400e+17,1.237662262704931072e+18,3.010299956639812091e+00,1.473527226567540316e-01
5.877365420262035200e+17,1.237662263251108096e+18,2.821357152192812912e+00,1.720555446846281089e-01
5.877365430990931200e+17,1.237662264323997696e+18,3.494850021680094176e+00,4.573645985781584766e-01
5.877365431002728960e+17,1.237662264325177856e+18,1.989700043360187909e+00,2.956653915207789751e-01
5.877365431004696320e+17,1.237662264325374208e+18,1.989700043360187909e+00,1.849839846009450062e-01
5.877365431006662400e+17,1.237662264325570816e+18,2.559416804894371733e+00,9.315182657692140655e-02
5.877365431013216000e+17,1.237662264326226432e+18,3.010299956639812091e+00,1.924526244257582230e-01
5.877365473899319040e+17,1.237662268614836480e+18,3.494850021680094176e+00,3.660462175748883662e-01
5.877365844251116800e+17,1.237662305650016512e+18,3.494850021680094176e+00,-5.137971834521531944e-02
5.877365844340902400e+17,1.237662305658994944e+18,2.385606273598312121e+00,1.296037831940918261e-01
5.877365844341556480e+17,1.237662305659060480e+18,2.720340221751378351e+00,2.301506955766235429e-01
5.877365844348766720e+17,1.237662305659781376e+18,2.614393726401687879e+00,1.127231172426096384e-01
5.877365849621136640e+17,1.237662306187018240e+18,2.261488354973151704e+00,-2.651104981275961237e+01
5.877365849706991360e+17,1.237662306195603712e+18,3.141944650251557558e+00,1.194091480592915366e-01
5.877365849804638720e+17,1.237662306205368576e+18,3.266062568876718863e+00,-2.972881514962050442e+00
5.877365855132715520e+17,1.237662306738176256e+18,2.385606273598312121e+00,1.285627911347783370e-01
5.877365855139925760e+17,1.237662306738897152e+18,2.614393726401687879e+00,2.094777474735735334e-01
5.877365860456858880e+17,1.237662307270590720e+18,3.494850021680094176e+00,1.240629526691041234e-01
5.877365860471278080e+17,1.237662307272032512e+18,2.385606273598312121e+00,-1.121421893717226836e-01
5.877365860473242880e+17,1.237662307272229120e+18,2.614393726401687879e+00,1.417615804720610828e-01
5.877366187901584640e+17,1.237662340015063040e+18,2.385606273598312121e+00,9.162823660342096777e-02
5.877366187905515520e+17,1.237662340015456256e+18,3.313789158407870694e+00,3.050676161106465334e-01
5.877366193250632960e+17,1.237662340549968128e+18,2.720340221751378351e+00,2.412494917302105690e-01
5.877367519325063680e+17,1.237662473157411072e+18,3.345033904792877877e+00,5.683897593820451399e-02
5.877367519351933440e+17,1.237662473160098048e+18,2.657394585211275917e+00,3.581813325450045049e-02
5.877367524680011520e+17,1.237662473692905728e+18,2.821357152192812912e+00,1.139876786948443577e-01
5.877367830738373120e+17,1.237662504298742016e+18,2.559416804894371733e+00,8.752565192491980339e-02
5.877367836053996800e+17,1.237662504830304256e+18,1.839883926472972053e+00,9.591117699168742738e-02
5.877368077654426880e+17,1.237662528990347520e+18,2.503011752845926807e+00,8.971282969613347813e-02
5.877368099162686720e+17,1.237662531141173504e+18,2.385606273598312121e+00,1.065081522230890976e-01
5.877368125966254080e+17,1.237662533821530112e+18,2.821357152192812912e+00,-5.204342642144967002e+00
5.877368131353315840e+17,1.237662534360236288e+18,2.614393726401687879e+00,2.764845122856657844e-01
5.877369156877027840e+17,1.237662636912607488e+18,2.287874528033757016e-01,-1.726154631408531870e+01
5.877369167623619840e+17,1.237662637987267072e+18,3.184110487935871703e+00,2.292896220093264825e-01
5.877369414500353280e+17,1.237662662674939904e+18,3.959062302381241016e-01,nan
5.877369419942466560e+17,1.237662663219151360e+18,3.661968799114842632e+00,nan
5.877369468125841920e+17,1.237662668037489152e+18,3.266062568876718863e+00,1.000151748405582186e-01
5.877369747317064960e+17,1.237662695956611072e+18,3.010299956639812091e+00,1.153618993460290149e-01
5.877369752717886720e+17,1.237662696496693248e+18,2.129843661361405349e+00,8.981299638483565551e-02
5.877369752789323520e+17,1.237662696503836928e+18,2.129843661361405349e+00,1.294903268233775495e-01
5.877378090294969600e+17,1.237663530254401536e+18,2.129843661361405349e+00,4.272002291717606481e-01
5.877378095716762880e+17,1.237663530796581120e+18,2.129843661361405349e+00,2.815346543560671294e-02
5.877378101083504640e+17,1.237663531333255168e+18,3.010299956639812091e+00,1.491026861485920674e-01
5.877378101086128640e+17,1.237663531333517568e+18,3.431904385139991298e+00,nan
5.877378101148386560e+17,1.237663531339743488e+18,2.720340221751378351e+00,1.261150967387420219e-01
5.877378251407362560e+17,1.237663546365640960e+18,2.614393726401687879e+00,1.070150456850158492e-02
5.877378256702017280e+17,1.237663546895106560e+18,2.385606273598312121e+00,5.163877276294040475e-02
5.877378256767552000e+17,1.237663546901659904e+18,3.010299956639812091e+00,2.723770661215573763e-01
5.877378256828499200e+17,1.237663546907754496e+18,2.720340221751378351e+00,3.198992359187436962e-01
5.877379330449084160e+17,1.237663654269812992e+18,2.614393726401687879e+00,2.305580587573550708e-02
5.877380661880424960e+17,1.237663787412947200e+18,2.614393726401687879e+00,-7.222827001299241267e-01
5.877380667341537280e+17,1.237663787959058432e+18,2.614393726401687879e+00,-9.017402003232498631e-01
5.877380683464705280e+17,1.237663789571375360e+18,2.385606273598312121e+00,-1.380365247710955146e-01
5.877381950402069760e+17,1.237663916265111552e+18,3.300259691528245831e+00,nan
5.877381955736701440e+17,1.237663916798574848e+18,2.614393726401687879e+00,1.520236978874568157e-01
5.877384097902757120e+17,1.237664131015180544e+18,2.720340221751378351e+00,1.490229007937909633e-01
5.877385649427585280e+17,1.237664286167663360e+18,2.870156338638594207e+00,-9.050032953295451543e-01
5.877385681738792960e+17,1.237664289398784000e+18,3.010299956639812091e+00,6.499399575425869324e-01
5.877385687059662080e+17,1.237664289930871040e+18,2.614393726401687879e+00,-1.071694796434192604e-01
5.877385692495873280e+17,1.237664290474491904e+18,1.839883926472972053e+00,8.609649699792598643e-02
5.877385697779386880e+17,1.237664291002843392e+18,3.383468048124332661e+00,1.101041794564673881e-01
5.877385703113359360e+17,1.237664291536240896e+18,2.385606273598312121e+00,1.966089726891627198e-01
5.877385703238534400e+17,1.237664291548758272e+18,2.129843661361405349e+00,2.427914582365676699e-01
5.877385740725125120e+17,1.237664295297417216e+18,2.385606273598312121e+00,2.696109899647381458e-01
5.877385746049927680e+17,1.237664295829897472e+18,2.720340221751378351e+00,2.162872952846019436e-01
5.877385746084003840e+17,1.237664295833305344e+18,2.720340221751378351e+00,1.815719962842962665e-01
5.877385746099735040e+17,1.237664295834878208e+18,2.385606273598312121e+00,1.743685983503128201e-01
5.877386154164225280e+17,1.237664336641327360e+18,2.196663469151313386e+00,1.648770224009763197e-01
5.877386175612192000e+17,1.237664338786123776e+18,3.383468048124332661e+00,7.333543365184286289e-02
5.877389472185058560e+17,1.237664668443410432e+18,2.385606273598312121e+00,1.658566736845941969e-01
5.877389472220449280e+17,1.237664668446949632e+18,2.385606273598312121e+00,1.165951425677431708e-01
5.877389477354539520e+17,1.237664668960358656e+18,2.614393726401687879e+00,1.255949264270126708e-01
5.877389477394513920e+17,1.237664668964356352e+18,2.385606273598312121e+00,1.784481872714324679e-01
5.877389477425317120e+17,1.237664668967436544e+18,2.385606273598312121e+00,1.618196512665637521e-01
5.877389477496096000e+17,1.237664668974514176e+18,2.720340221751378351e+00,1.805218155958172310e-01
5.877389482943448320e+17,1.237664669519249664e+18,2.385606273598312121e+00,7.078660646407418378e-02
5.877389504187598080e+17,1.237664671643664640e+18,2.385606273598312121e+00,9.432722348571523363e-02
5.877389514926982400e+17,1.237664672717603072e+18,2.385606273598312121e+00,1.179438719301159622e-01
5.877389514970891520e+17,1.237664672721993984e+18,1.839883926472972053e+00,1.546601280683458368e-01
5.877389520300279040e+17,1.237664673254932736e+18,2.720340221751378351e+00,1.469198193714214562e-01
5.877390964501382400e+17,1.237664817675043072e+18,2.781512503836436334e+00,-1.053276843288312309e-02
5.877390969947424000e+17,1.237664818219646976e+18,2.781512503836436334e+00,1.801242451602450556e-01
5.877390980637656320e+17,1.237664819288670208e+18,3.701813447471219654e+00,8.267287465378179989e-02
5.877390980690085120e+17,1.237664819293913088e+18,2.614393726401687879e+00,1.989907033215091714e-01
5.877391141672061440e+17,1.237664835392110848e+18,2.385606273598312121e+00,2.049052843076422381e-01
5.877391157780810240e+17,1.237664837002985728e+18,2.821357152192812912e+00,1.066375341366144480e-01
5.877391308159060480e+17,1.237664852040810752e+18,2.657394585211275917e+00,2.967706055533442799e-01
5.877391318883371520e+17,1.237664853113241856e+18,1.989700043360187909e+00,1.040498662469454272e-01
5.877391334939690240e+17,1.237664854718873856e+18,1.505149978319906046e+00,-4.431579922485883588e-02
5.877391528164066560e+17,1.237664874041311232e+18,2.129843661361405349e+00,-1.322555743966207409e+01
5.877391565785007360e+17,1.237664877803405312e+18,2.129843661361405349e+00,-1.138311158377229709e-01
5.877391576544052480e+17,1.237664878879310080e+18,3.494850021680094176e+00,1.930757139871922337e-02
5.877391576579441920e+17,1.237664878882849024e+18,2.821357152192812912e+00,9.547135890182575912e-02
5.877391581843294720e+17,1.237664879409234176e+18,3.010299956639812091e+00,1.408774257263732121e-01
5.877391592644936960e+17,1.237664880489398528e+18,2.720340221751378351e+00,9.660298967377058121e-02
5.877392940137841920e+17,1.237665015238688768e+18,2.129843661361405349e+00,1.745771752318064363e-01
5.877392945508515840e+17,1.237665015775756288e+18,2.614393726401687879e+00,1.262202711255382137e-01
5.877393036876842240e+17,1.237665024912589056e+18,1.839883926472972053e+00,-9.443312075134477901e-01
5.877393039438644480e+17,1.237665024900333824e+18,2.129843661361405349e+00,1.727804381027970015e-01
5.877393042163631360e+17,1.237665025441267968e+18,2.129843661361405349e+00,7.651116794957969758e-02
5.877393047601808640e+17,1.237665025985085696e+18,1.505149978319906046e+00,2.134636218741481906e-01
5.877393767059294720e+17,1.237665097930834176e+18,3.184110487935871703e+00,5.821842322564880351e-02
5.877393772352636160e+17,1.237665098460168448e+18,2.385606273598312121e+00,1.673829666461201515e-01
5.877393772397200640e+17,1.237665098464624640e+18,3.010299956639812091e+00,3.676378441014582776e-01
5.877393777669571840e+17,1.237665098991862016e+18,2.614393726401687879e+00,4.089159803512745078e-02
5.877393799103776000e+17,1.237665101135282432e+18,2.821357152192812912e+00,1.039455089075691230e-01
5.877393799156860160e+17,1.237665101140590848e+18,2.614393726401687879e+00,1.278685370407265653e-01
5.877393804486904320e+17,1.237665101673595136e+18,3.345033904792877877e+00,7.977273217514085912e-02
5.877393804523604480e+17,1.237665101677265152e+18,3.010299956639812091e+00,2.599231496850318290e-01
5.877393804530812160e+17,1.237665101677986048e+18,3.010299956639812091e+00,6.438505706905281456e-02
5.877393804550471680e+17,1.237665101679951872e+18,3.701813447471219654e+00,2.313865574783044998e-01
5.877393820646114560e+17,1.237665103289516288e+18,2.129843661361405349e+00,1.232134695647950362e-01
5.877393863530908160e+17,1.237665107577995520e+18,1.989700043360187909e+00,8.644763898837888594e-02
5.877394057006941440e+17,1.237665126925598720e+18,2.720340221751378351e+00,3.250022618017339715e-01
5.877394057012839680e+17,1.237665126926188544e+18,2.720340221751378351e+00,1.279778020403386785e-01
5.877394057170781440e+17,1.237665126941982976e+18,2.129843661361405349e+00,1.795199285044971893e-01
5.877394062314702080e+17,1.237665127456374784e+18,3.266062568876718863e+00,-9.431768171674888648e-06
5.877394062403831040e+17,1.237665127465287936e+18,2.385606273598312121e+00,-5.870998340733103449e-01
5.877394062420870400e+17,1.237665127466991616e+18,3.010299956639812091e+00,7.108572785773226155e-02
5.877394062658112000e+17,1.237665127490715904e+18,3.010299956639812091e+00,1.067454810259373249e-01
5.877394067661784320e+17,1.237665127991083264e+18,3.494850021680094176e+00,2.222011133054285492e-01
5.877394067666373120e+17,1.237665127991542016e+18,2.821357152192812912e+00,1.199285332055674141e-01
5.877394067895092480e+17,1.237665128014414080e+18,2.385606273598312121e+00,1.528345050770008873e-01
5.877394067961283840e+17,1.237665128021032960e+18,1.839883926472972053e+00,2.705898927659278197e-01
5.877394073308366080e+17,1.237665128555741184e+18,2.129843661361405349e+00,1.273828689494727606e-01
5.877394073408637440e+17,1.237665128565768448e+18,3.634993639681311617e+00,5.029715135688931360e-01
5.877394073429608960e+17,1.237665128567865600e+18,2.385606273598312121e+00,3.348041872927874363e-01
5.877394078325804800e+17,1.237665129057485056e+18,3.740940135031001645e+00,nan
5.877394078337600000e+17,1.237665129058664704e+18,2.559416804894371733e+00,8.108634312237242292e-02
5.877394078466704640e+17,1.237665129071575296e+18,3.266062568876718863e+00,5.621760494603667696e-02
5.877394083880634880e+17,1.237665129612968192e+18,3.184110487935871703e+00,1.213180993937228586e-01
5.877394084005152000e+17,1.237665129625419776e+18,2.129843661361405349e+00,5.395787869218366950e-01
5.877394572252284160e+17,1.237665178450133248e+18,2.385606273598312121e+00,1.992835715103453420e-01
5.877394593708115200e+17,1.237665180595716096e+18,2.385606273598312121e+00,1.324468677327634292e-01
5.877395050098196480e+17,1.237665226234724352e+18,1.989700043360187909e+00,3.143595680612976673e-01
5.877395098347111680e+17,1.237665231059616000e+18,1.839883926472972053e+00,3.595092988210921159e-01
5.877395098347769600e+17,1.237665231059681536e+18,2.385606273598312121e+00,1.596233866155651882e-01
5.877396080942777600e+17,1.237665329319182592e+18,2.870156338638594207e+00,4.999588919901183925e-01
5.877396086234809600e+17,1.237665329848385536e+18,1.989700043360187909e+00,6.061316824103501338e-02
5.877396091554366720e+17,1.237665330380341248e+18,2.720340221751378351e+00,1.086592760982591360e-01
5.877396097002374400e+17,1.237665330925142016e+18,2.385606273598312121e+00,1.318426980815624316e-01
5.877396097014170880e+17,1.237665330926321920e+18,2.385606273598312121e+00,6.717015791017666437e-02
5.877396102426133760e+17,1.237665331467518208e+18,1.839883926472972053e+00,2.075394528818797768e-01
5.877396300958270720e+17,1.237665351320731904e+18,3.010299956639812091e+00,2.122572930193337704e-01
5.877396300973345280e+17,1.237665351322239232e+18,1.989700043360187909e+00,8.851367164939998033e-02
5.877396306338120960e+17,1.237665351858716672e+18,2.385606273598312121e+00,3.742221437966098407e-01
5.877396317054566400e+17,1.237665352930361344e+18,1.839883926472972053e+00,1.770451263584612023e-01
5.877396467480659200e+17,1.237665367972970496e+18,3.010299956639812091e+00,7.528461318056883789e-02
5.877396472741889280e+17,1.237665368499093760e+18,2.720340221751378351e+00,3.000010913059154016e-01
5.877396472747788800e+17,1.237665368499683584e+18,2.821357152192812912e+00,3.930027157978732144e-01
5.877396478189240320e+17,1.237665369043828736e+18,2.720340221751378351e+00,1.989737013622691897e-01
5.877396526451919360e+17,1.237665373870096384e+18,2.129843661361405349e+00,1.448567494803900679e-01
5.877397063345112320e+17,1.237665427559415808e+18,2.385606273598312121e+00,1.317627547547617628e-01
5.877397068776080640e+17,1.237665428102512896e+18,3.345033904792877877e+00,2.203228798005168743e-01
5.877397074212294400e+17,1.237665428646134272e+18,2.720340221751378351e+00,1.073573905755852848e-01
5.877397079503668480e+17,1.237665429175271680e+18,2.385606273598312121e+00,4.456409631799044396e-02
5.877397079523329280e+17,1.237665429177237504e+18,3.494850021680094176e+00,6.516365212433826437e-02
5.877397079528572160e+17,1.237665429177761792e+18,2.129843661361405349e+00,2.021406023904727678e-01
5.877397084802909440e+17,1.237665429705195520e+18,2.385606273598312121e+00,1.205520409975069512e-01
5.877397192160706560e+17,1.237665440440975360e+18,2.385606273598312121e+00,1.284247999342331692e-01
5.877397203031164160e+17,1.237665441528020992e+18,2.559416804894371733e+00,2.198811174654721479e-01
5.877397208236033280e+17,1.237665442048507904e+18,3.184110487935871703e+00,-2.373853236635726227e-01
5.877397208323851520e+17,1.237665442057289984e+18,2.074866739854090092e+00,8.532886225299178562e-02
5.877397208384801280e+17,1.237665442063384832e+18,3.494850021680094176e+00,3.734090597464205241e-01
5.877397210919077120e+17,1.237665442048376832e+18,2.614393726401687879e+00,1.497740962450797020e-01
5.877397219076998400e+17,1.237665443132604416e+18,3.010299956639812091e+00,7.690591072164867925e-02
5.877397219119596800e+17,1.237665443136864512e+18,2.385606273598312121e+00,1.632682500162608852e-01
5.877397219132704000e+17,1.237665443138175232e+18,2.614393726401687879e+00,1.880445744365464855e-01
5.877397219139912960e+17,1.237665443138895872e+18,3.222899461345922756e-01,nan
5.877398104844535040e+17,1.237665531709358336e+18,3.345033904792877877e+00,1.190288332173439906e-01
5.877398110237493760e+17,1.237665532248654080e+18,3.184110487935871703e+00,-7.834432123192294761e-02
5.877398110358736640e+17,1.237665532260778496e+18,2.781512503836436334e+00,1.462285191020029351e-01
5.877398115583918080e+17,1.237665532783296768e+18,3.010299956639812091e+00,2.151227315983158805e-01
5.877398115640281600e+17,1.237665532788932864e+18,2.385606273598312121e+00,1.669354619164726550e-01
5.877398115654041600e+17,1.237665532790309120e+18,2.385606273598312121e+00,6.230371250595376775e-01
5.877398147809937920e+17,1.237665536005898496e+18,2.720340221751378351e+00,6.015986069167610084e-02
5.877398147814526720e+17,1.237665536006357248e+18,2.385606273598312121e+00,2.361128974064076180e-01
5.877398271304007680e+17,1.237665548355305472e+18,3.010299956639812091e+00,3.256804852165386399e-01
5.877398276681893120e+17,1.237665548893094144e+18,2.821357152192812912e+00,6.774478956205330638e-02
5.877398282026355200e+17,1.237665549427540224e+18,2.720340221751378351e+00,4.478494642483105137e-02
5.877398287423243520e+17,1.237665549967228928e+18,2.235790156711096266e+00,1.092553005403040373e-01
5.877398287528099840e+17,1.237665549977714688e+18,2.557626122369064392e-01,nan
5.877398292771636480e+17,1.237665550502068480e+18,2.129843661361405349e+00,8.783985889496412347e-02
5.877398292783432960e+17,1.237665550503248128e+18,3.010299956639812091e+00,7.637823946845298528e-02
5.877398443109909760e+17,1.237665565535895808e+18,2.385606273598312121e+00,2.010146069294590776e-01
5.877398459185235200e+17,1.237665567143428096e+18,2.657394585211275917e+00,nan
5.877413872751087360e+17,1.237667108500013312e+18,2.385606273598312121e+00,6.478423190406844279e-02
5.877413915725007360e+17,1.237667112797405184e+18,2.720340221751378351e+00,1.608360716058120921e-01
5.877414210968618240e+17,1.237667142321766912e+18,2.385606273598312121e+00,2.217073595188896185e-01
5.877414210972551680e+17,1.237667142322159872e+18,2.870156338638594207e+00,6.444646283211014071e-02
5.877414216412693760e+17,1.237667142866174208e+18,3.010299956639812091e+00,5.642305793116264567e-02
5.877414887640270080e+17,1.237667209988931584e+18,2.129843661361405349e+00,1.525704547247886955e-01
5.877414887649443840e+17,1.237667209989849088e+18,3.010299956639812091e+00,9.546275793149809619e-02
5.877414898190255360e+17,1.237667211043930112e+18,1.989700043360187909e+00,3.416090413070693721e-01
5.877414903513744640e+17,1.237667211576279040e+18,8.804562952784061869e-01,7.566260334458210224e-01
5.877414903519644160e+17,1.237667211576869120e+18,3.634993639681311617e+00,9.000041386363326623e-01
5.877414903744431360e+17,1.237667211599347968e+18,2.385606273598312121e+00,2.293856253609905804e-01
5.877414908945369600e+17,1.237667212119441664e+18,3.266062568876718863e+00,5.960485796758961674e-02
5.877414909019424000e+17,1.237667212126846976e+18,2.385606273598312121e+00,1.094916225972320384e-01
5.877414909066609920e+17,1.237667212131565568e+18,2.614393726401687879e+00,1.547186475348038548e-01
5.877414909132145920e+17,1.237667212138119168e+18,2.235790156711096266e+00,1.914468952215918618e-01
5.877414914491678720e+17,1.237667212674072576e+18,3.010299956639812091e+00,1.970255849841983931e-01
5.877415322301237760e+17,1.237667253455028480e+18,2.129843661361405349e+00,6.183204580760771809e-04
5.877415322316311040e+17,1.237667253456535808e+18,3.010299956639812091e+00,1.629783468517018163e-01
5.877415327667982080e+17,1.237667253991702784e+18,2.720340221751378351e+00,7.922531450056430335e-02
5.877415327680431360e+17,1.237667253992947712e+18,3.313789158407870694e+00,1.249216873801358742e-02
5.877415327715820800e+17,1.237667253996486912e+18,2.196663469151313386e+00,6.468614976562391261e-01
5.877415333030791680e+17,1.237667254527983872e+18,2.385606273598312121e+00,1.561316230635592661e-01
5.877416004168582400e+17,1.237667321641762816e+18,2.129843661361405349e+00,3.698023454571358615e-02
5.877416004191520000e+17,1.237667321644056576e+18,2.614393726401687879e+00,5.000277430638545850e-02
5.877416009531392000e+17,1.237667322178043904e+18,2.614393726401687879e+00,3.738547010504541523e-01
5.877416009533360640e+17,1.237667322178240768e+18,3.010299956639812091e+00,9.759277472328237168e-02
5.877416020213105920e+17,1.237667323246215168e+18,2.614393726401687879e+00,1.196694824476137869e-01
5.877416020224247040e+17,1.237667323247329280e+18,2.196663469151313386e+00,1.488331919142749926e-01
5.877416020232111360e+17,1.237667323248115968e+18,2.385606273598312121e+00,1.542565951833482774e-01
5.877416020330416640e+17,1.237667323257946368e+18,3.345033904792877877e+00,8.956114070303611285e-02
5.877417083429191680e+17,1.237667429567823872e+18,1.505149978319906046e+00,1.987959653832588880e-01
5.877417083456718080e+17,1.237667429570576384e+18,2.385606273598312121e+00,6.864521965595592190e-02
5.877417083463272960e+17,1.237667429571232000e+18,2.385606273598312121e+00,9.478303730759131407e-02
5.877417094103696640e+17,1.237667430635274496e+18,2.821357152192812912e+00,2.088287196179079430e-01
5.877417094139086080e+17,1.237667430638813184e+18,3.634993639681311617e+00,1.802122856341766555e-01
5.877417099388522240e+17,1.237667431163757056e+18,1.989700043360187909e+00,1.775994318081525469e-01
5.877417099389831680e+17,1.237667431163887872e+18,3.010299956639812091e+00,1.053973933243066569e-01
5.877417222827541760e+17,1.237667443507659008e+18,2.385606273598312121e+00,1.060198052782282407e-01
5.877417255109920000e+17,1.237667446735896832e+18,2.385606273598312121e+00,3.008062851986215841e-02
5.877417260489770240e+17,1.237667447273881600e+18,3.010299956639812091e+00,3.985368562640160262e-01
5.877417265764764160e+17,1.237667447801381120e+18,2.129843661361405349e+00,1.345705397018887861e-01
5.877417265781146880e+17,1.237667447803019264e+18,2.559416804894371733e+00,8.763266742820972899e-02
5.877417265801463040e+17,1.237667447805050880e+18,3.494850021680094176e+00,1.543287877381586959e-01
5.877417265874863360e+17,1.237667447812391168e+18,1.505149978319906046e+00,3.768936171760479958e-02
5.877417271123642880e+17,1.237667448337268992e+18,2.261488354973151704e+00,1.601233829453113378e-01
5.877417271136748800e+17,1.237667448338579456e+18,2.129843661361405349e+00,1.635260210688055382e-01
5.877417276533637120e+17,1.237667448878268416e+18,1.505149978319906046e+00,2.081758443922052115e-01
5.877417276544124160e+17,1.237667448879316992e+18,2.129843661361405349e+00,2.463544163064417258e-01
5.877418151736116480e+17,1.237667536398516224e+18,3.494850021680094176e+00,nan
5.877418157104171520e+17,1.237667536935321856e+18,2.720340221751378351e+00,5.078923600336281846e-02
5.877418157110722560e+17,1.237667536935976960e+18,3.634993639681311617e+00,-3.504817736847356535e-01
5.877418157121864960e+17,1.237667536937091328e+18,3.184110487935871703e+00,6.975643950201418364e-02
5.877418162349674240e+17,1.237667537459872000e+18,3.010299956639812091e+00,-8.228635032198576560e-02
5.877418167839621120e+17,1.237667538008866816e+18,3.010299956639812091e+00,4.291712724475233998e-01
5.877418178617016320e+17,1.237667539086606336e+18,2.720340221751378351e+00,2.724384407794731566e-01
5.877418205279029760e+17,1.237667541752807680e+18,2.614393726401687879e+00,1.087690335952175430e-01
5.877418280416707840e+17,1.237667549266575616e+18,2.385606273598312121e+00,1.026325426103946309e-01
5.877418291166579200e+17,1.237667550341562624e+18,2.129843661361405349e+00,2.202561660231857066e-01
5.877420127339152640e+17,1.237667733958819840e+18,2.821357152192812912e+00,-1.197194196063980254e+00
5.877420127419761920e+17,1.237667733966881024e+18,2.614393726401687879e+00,7.853301557934320998e-02
5.877420127567873280e+17,1.237667733981691904e+18,3.184110487935871703e+00,4.322394228119989801e-02
5.877420127663558400e+17,1.237667733991260672e+18,2.196663469151313386e+00,1.479826133411061562e-01
5.877420132701963520e+17,1.237667734495101184e+18,2.525749891599530450e+00,1.062055349264277720e-01
5.877420132830414080e+17,1.237667734507946240e+18,2.614393726401687879e+00,9.884627671877374566e-02
5.877420138083124480e+17,1.237667735033217280e+18,2.129843661361405349e+00,1.023184405556426119e-01
5.877420138169633280e+17,1.237667735041868032e+18,3.979400086720375818e+00,1.086373535355981620e-02
5.877420138423256320e+17,1.237667735067230720e+18,3.890756251918218389e+00,2.196981227657913149e-01
5.877420605225044480e+17,1.237667781747409152e+18,2.559416804894371733e+00,8.255815198307697722e-02
5.877420605238805760e+17,1.237667781748785408e+18,1.989700043360187909e+00,4.033760127299522158e-01
5.877420605319415040e+17,1.237667781756846080e+18,1.989700043360187909e+00,1.307696799397177478e-01
5.877420605322036480e+17,1.237667781757108480e+18,2.720340221751378351e+00,2.463218496612633868e-01
5.877420605459008000e+17,1.237667781770805504e+18,1.989700043360187909e+00,1.146498013502071367e-01
5.877420605523233280e+17,1.237667781777228032e+18,3.890756251918218389e+00,5.976769145598910538e-02
5.877420610596375040e+17,1.237667782284542208e+18,4.119543704721594146e+00,5.906246215767524399e-01
5.877420610732688640e+17,1.237667782298173696e+18,2.385606273598312121e+00,7.534833635064655533e-02
5.877420616212808960e+17,1.237667782846185728e+18,2.129843661361405349e+00,2.507387854478015377e-01
5.877420616242956800e+17,1.237667782849200384e+18,2.050872325445246336e+00,1.452889519852419431e-01
5.877420616245578240e+17,1.237667782849462528e+18,2.614393726401687879e+00,7.689141351178735428e-02
5.877420616250164480e+17,1.237667782849921280e+18,1.505149978319906046e+00,-4.784234367179077824e-02
5.877420621341656320e+17,1.237667783359070208e+18,3.010299956639812091e+00,1.325148469336762946e-01
5.877420621609044480e+17,1.237667783385809152e+18,3.010299956639812091e+00,2.112274602565443193e-01
5.877420626709710080e+17,1.237667783895875584e+18,2.196663469151313386e+00,1.558568758744908189e-01
5.877420626750342400e+17,1.237667783899938816e+18,2.074866739854090092e+00,1.430818756262839109e-01
5.877420626953504000e+17,1.237667783920255232e+18,2.385606273598312121e+00,1.185307262312099569e-01
5.877421904347137280e+17,1.237667911659618304e+18,2.129843661361405349e+00,1.127007021024736266e-01
5.877421909732885760e+17,1.237667912198193408e+18,2.385606273598312121e+00,9.690123593225866139e-02
5.877421909736817920e+17,1.237667912198586368e+18,3.580016718173996360e+00,-5.231507728609557928e-02
5.877421909781382400e+17,1.237667912203042816e+18,2.720340221751378351e+00,3.923951576527439679e-03
5.877421915148780800e+17,1.237667912739782912e+18,2.614393726401687879e+00,-1.041294790820550126e-01
5.877421915194654720e+17,1.237667912744370176e+18,3.010299956639812091e+00,4.306799164048364381e-01
5.877421915285096960e+17,1.237667912753414400e+18,3.010299956639812091e+00,1.672054086534035533e-01
5.877425506871544320e+17,1.237668271912059136e+18,3.266062568876718863e+00,7.163151596408506849e-02
5.877425512149812480e+17,1.237668272439886080e+18,2.385606273598312121e+00,9.252814019534814916e-02
5.877425512274333440e+17,1.237668272452338176e+18,2.821357152192812912e+00,1.123651039291199000e-01
5.877425517545392640e+17,1.237668272979443968e+18,2.720340221751378351e+00,9.322257181637502721e-02
5.877425517565052160e+17,1.237668272981410048e+18,3.010299956639812091e+00,2.498103129792154237e-02
5.877425678520811520e+17,1.237668289076985856e+18,3.086499789423496232e+00,-2.282473467217606966e-01
5.877425678594868480e+17,1.237668289084391424e+18,2.074866739854090092e+00,1.847691941200597654e-01
5.877425678621738240e+17,1.237668289087078400e+18,2.129843661361405349e+00,8.760776462159414191e-02
5.877425683964232960e+17,1.237668289621327872e+18,2.614393726401687879e+00,1.227113836055956503e-01
5.877425721458689280e+17,1.237668293370773760e+18,2.821357152192812912e+00,1.598093515185263769e-01
5.877425732206594560e+17,1.237668294445564160e+18,2.720340221751378351e+00,1.681646277209759288e-01
5.877425732240016640e+17,1.237668294448906496e+18,3.010299956639812091e+00,2.061246897700027836e-01
5.877425737575956480e+17,1.237668294982500352e+18,2.503011752845926807e+00,6.945938879901806251e-01
5.877425753674874880e+17,1.237668296592392192e+18,3.010299956639812091e+00,2.978857539692784662e-01
5.877425753733858560e+17,1.237668296598290688e+18,2.385606273598312121e+00,2.854174235187430519e-01
5.877425759085528320e+17,1.237668297133457664e+18,2.385606273598312121e+00,1.458895165562890395e-01
5.877425759086183680e+17,1.237668297133522944e+18,3.313789158407870694e+00,-4.519747820626608681e-02
5.877425759133369600e+17,1.237668297138241536e+18,3.217263382430937124e+00,3.170787282767624227e-01
5.877425759212669440e+17,1.237668297146171648e+18,2.385606273598312121e+00,6.694581990981675335e-02
5.877425764505356800e+17,1.237668297675440384e+18,3.010299956639812091e+00,1.503511751682510833e-01
5.877425769791489280e+17,1.237668298204053504e+18,2.385606273598312121e+00,3.186171819062603161e-01
5.877425769889136640e+17,1.237668298213818624e+18,3.010299956639812091e+00,5.317914736513796869e-01
5.877425769948121600e+17,1.237668298219716864e+18,2.720340221751378351e+00,1.716424578917492005e-01
5.877425769948775680e+17,1.237668298219782144e+18,2.614393726401687879e+00,1.563504826431431349e-01
5.877425775324693760e+17,1.237668298757373952e+18,2.385606273598312121e+00,1.007835616720783589e-01
5.877425780697990400e+17,1.237668299294703872e+18,2.385606273598312121e+00,9.642844962369519213e-02
5.877425780723549440e+17,1.237668299297259776e+18,1.839883926472972053e+00,1.853871992051053241e-01
5.877425898651649280e+17,1.237668311090069504e+18,2.385606273598312121e+00,2.190587659943652732e-01
5.877425904033466880e+17,1.237668311628251136e+18,2.385606273598312121e+00,1.432871886524861860e-01
5.877425904036085760e+17,1.237668311628513536e+18,1.505149978319906046e+00,2.559346263345289585e-01
5.877426097272259840e+17,1.237668330952130560e+18,2.196663469151313386e+00,6.150787620658357963e-02
5.877426097291265280e+17,1.237668330954031360e+18,2.614393726401687879e+00,1.467540163798073394e-01
5.877426102663252480e+17,1.237668331491229952e+18,3.010299956639812091e+00,2.351667732325591342e-01
5.877426118783142400e+17,1.237668333103218944e+18,3.010299956639812091e+00,1.490244948656766488e-01
5.877426150997363200e+17,1.237668336324641024e+18,2.720340221751378351e+00,1.508456667499097903e-01
5.877426161755754240e+17,1.237668337400480256e+18,2.821357152192812912e+00,6.186523280508145206e-02
5.877426274469153280e+17,1.237668348671820032e+18,3.141944650251557558e+00,-9.383343626124335257e-01
5.877426279885703680e+17,1.237668349213475072e+18,2.720340221751378351e+00,1.466862611210171252e-01
5.877426285249825280e+17,1.237668349749887232e+18,3.383468048124332661e+00,1.137047261247746549e-01
5.877426295917774080e+17,1.237668350816681984e+18,2.614393726401687879e+00,1.665583938742478676e-01
5.877427734786868480e+17,1.237668494703591424e+18,3.184110487935871703e+00,1.663359514683973028e-01
5.877427745532151040e+17,1.237668495778119936e+18,2.385606273598312121e+00,2.134244159453036749e-01
5.877427751002440960e+17,1.237668496325148928e+18,2.614393726401687879e+00,1.587506630739652091e-01
5.877428631321313280e+17,1.237668584357036288e+18,3.266062568876718863e+00,1.581533897808910238e-01
5.877428636717548800e+17,1.237668584896659712e+18,3.010299956639812091e+00,3.350551800764291488e-01
5.877428652828919040e+17,1.237668586507796736e+18,2.657394585211275917e+00,9.406861632459952161e-02
5.877428899729246720e+17,1.237668611197829376e+18,2.196663469151313386e+00,1.891894047759898334e-01
5.877447271506905600e+17,1.237670448375595264e+18,3.184110487935871703e+00,-5.347791048216498505e-02
5.877447287602547200e+17,1.237670449985159424e+18,3.010299956639812091e+00,9.912694162263191444e-02
5.877448742499778560e+17,1.237670595474882816e+18,2.720340221751378351e+00,2.209527185021566975e-01
5.877452436152652800e+17,1.237670964840169984e+18,1.989700043360187909e+00,3.283003751370938139e-01
5.877452436180176640e+17,1.237670964842922240e+18,3.010299956639812091e+00,7.788111598525150614e-02
5.877452441540367360e+17,1.237670965378941440e+18,2.821357152192812912e+00,6.334918266933134423e-02
5.877452441579686400e+17,1.237670965382873344e+18,3.184110487935871703e+00,1.521937556978519013e-01
5.877452441673402880e+17,1.237670965392244992e+18,2.559416804894371733e+00,8.848165030995279456e-02
5.877452446920869120e+17,1.237670965916991744e+18,3.184110487935871703e+00,1.160674044306203162e-01
5.877452447027037440e+17,1.237670965927608576e+18,3.010299956639812091e+00,nan
5.877452452348560640e+17,1.237670966459760640e+18,2.385606273598312121e+00,1.269392748928709069e-01
5.877454025298416640e+17,1.237671123754746624e+18,2.898917983084050576e+00,1.737125247892114532e-01
5.877454025316764160e+17,1.237671123756581120e+18,2.385606273598312121e+00,-3.606239744387405466e+00
5.877454036159037440e+17,1.237671124840808448e+18,2.129843661361405349e+00,1.108491069748655661e-01
5.877454041538233600e+17,1.237671125378728192e+18,2.821357152192812912e+00,1.074812250246531681e-01
5.877454041538887680e+17,1.237671125378793728e+18,2.385606273598312121e+00,2.245901355149935441e-01
5.877455399708266240e+17,1.237671261195731456e+18,2.385606273598312121e+00,1.851204894963563719e-01
5.877459700036405760e+17,1.237671691228545280e+18,2.720340221751378351e+00,1.056502961670946900e-01
5.877462110578280960e+17,1.237671932282732800e+18,2.821357152192812912e+00,-1.085502456632638293e-03
5.877462148206429440e+17,1.237671936045547520e+18,2.614393726401687879e+00,-2.600124811679041525e-01
5.877489281637418240e+17,1.237674649388646400e+18,2.821357152192812912e+00,2.405625264005697983e-01
5.877489297734371840e+17,1.237674650998341888e+18,1.989700043360187909e+00,7.301773661216727496e-02
5.877489303120774400e+17,1.237674651536982016e+18,2.385606273598312121e+00,7.384357148115677782e-02
5.880070036258817280e+17,1.237651249874075904e+18,2.385606273598312121e+00,-3.208255101504164930e-01
5.880070041685853440e+17,1.237651250416779264e+18,2.385606273598312121e+00,2.310776712084909312e-01
5.880070041839208960e+17,1.237651250432114944e+18,1.989700043360187909e+00,3.122512972110433327e-01
5.880070041968971520e+17,1.237651250445091072e+18,3.345033904792877877e+00,-6.628163133446837163e-01
5.880070047008030720e+17,1.237651250948997120e+18,3.010299956639812091e+00,2.117340511654459967e-01
5.880070052566796800e+17,1.237651251504873728e+18,2.614393726401687879e+00,3.771943054894263958e-02
5.880070052706391040e+17,1.237651251518833152e+18,2.614393726401687879e+00,2.241728218158852426e-01
5.880070063294383360e+17,1.237651252577632256e+18,2.821357152192812912e+00,-9.750824623516184814e-03
5.880093658641203200e+17,1.237653612112314368e+18,2.385606273598312121e+00,2.103772580652530089e-01
5.880093658678558720e+17,1.237653612116049920e+18,2.720340221751378351e+00,1.487173783107904601e-01
5.880093701519443200e+17,1.237653616400138240e+18,2.614393726401687879e+00,6.756063576438479934e-02
5.880093706924197120e+17,1.237653616940613888e+18,2.614393726401687879e+00,1.091301174180489553e-01
5.880103580108064000e+17,1.237654604259000576e+18,2.129843661361405349e+00,6.495118732485108404e-02
5.880103585384368640e+17,1.237654604786630912e+18,3.701813447471219654e+00,5.698267708120237710e-03
5.880103585386987520e+17,1.237654604786892800e+18,1.505149978319906046e+00,2.155042859988445803e-01
5.880103590684264960e+17,1.237654605316620544e+18,3.494850021680094176e+00,2.989343139469758381e-01
5.880103590857934080e+17,1.237654605333987328e+18,2.385606273598312121e+00,6.474102266970985231e-02
5.880103596203705600e+17,1.237654605868564480e+18,3.494850021680094176e+00,1.496662181349515675e-01
5.880103601569137920e+17,1.237654606405107712e+18,2.870156338638594207e+00,1.600238260577694360e-01
5.880108787708067840e+17,1.237655125019001088e+18,3.494850021680094176e+00,1.090282014640020641e-01
5.880108793018449920e+17,1.237655125550039040e+18,3.890756251918218389e+00,7.140920643484054420e-01
5.880108793044011520e+17,1.237655125552595200e+18,3.494850021680094176e+00,3.418745564906413570e-01
5.880108798309172480e+17,1.237655126079111424e+18,2.559416804894371733e+00,3.557775944616254488e-02
5.880108803693610240e+17,1.237655126617554944e+18,2.385606273598312121e+00,2.049346002851141491e-01
5.880108803824026880e+17,1.237655126630596864e+18,2.870156338638594207e+00,-1.022969699466798471e-01
5.880110983360021760e+17,1.237655344584196096e+18,2.196663469151313386e+00,6.725016547325665672e-02
5.880110994088264960e+17,1.237655345657020416e+18,2.385606273598312121e+00,1.444957249870465199e-01
5.880110994102027520e+17,1.237655345658396672e+18,3.010299956639812091e+00,1.184751134128746997e-01
5.880111010354955520e+17,1.237655347283689728e+18,2.614393726401687879e+00,1.027591993215373756e-01
5.880111015669269760e+17,1.237655347815121152e+18,2.614393726401687879e+00,9.797715222296832227e-02
5.880111225105286400e+17,1.237655368758722560e+18,2.385606273598312121e+00,1.167011484044587488e-01
5.880111230435329280e+17,1.237655369291726848e+18,2.385606273598312121e+00,8.956680709514092120e-02
5.880111235774547200e+17,1.237655369825648896e+18,3.010299956639812091e+00,1.326125316989625047e-02
5.880111235788965120e+17,1.237655369827090688e+18,2.821357152192812912e+00,8.224559054664953850e-02
5.880111241130149120e+17,1.237655370361208832e+18,2.614393726401687879e+00,1.940066551410034867e-01
5.880111241158983680e+17,1.237655370364092416e+18,2.821357152192812912e+00,5.028322950358588006e-01
5.880111251944244480e+17,1.237655371442618624e+18,2.821357152192812912e+00,2.274163282739624925e-01
5.880112169882091520e+17,1.237655463236403200e+18,1.989700043360187909e+00,2.067288008433329771e-01
5.880112186024920320e+17,1.237655464850685952e+18,2.385606273598312121e+00,-2.199102474971154075e-01
5.880112191425086720e+17,1.237655465390702848e+18,1.839883926472972053e+00,9.037586157624333261e-02
5.880112196823287040e+17,1.237655465930522880e+18,2.614393726401687879e+00,9.350911275816538304e-02
5.880133816653579520e+17,1.237657627913551872e+18,2.279659778248622093e+00,8.619555431017980607e-02
5.880133816720424960e+17,1.237657627920236544e+18,2.156818820794936808e+00,8.166691632714083715e-01
5.880133822022944000e+17,1.237657628450488576e+18,3.890756251918218389e+00,2.186820989143019589e-01
5.880133822100276480e+17,1.237657628458221568e+18,2.821357152192812912e+00,1.149246442540941965e-01
5.880133827182597120e+17,1.237657628966453760e+18,2.385606273598312121e+00,1.226255541383532571e-01
5.880133832578176000e+17,1.237657629506011648e+18,2.821357152192812912e+00,2.036393617174792892e-01
5.880133838146766080e+17,1.237657630062870784e+18,2.614393726401687879e+00,1.681992535814514078e-01
5.880133843388989440e+17,1.237657630587093248e+18,2.129843661361405349e+00,6.620728274257535739e-01
5.880155076664362240e+17,1.237659753914630144e+18,2.821357152192812912e+00,7.226657425205909591e-02
5.880155076665017600e+17,1.237659753914695936e+18,2.385606273598312121e+00,3.028904642556275520e-02
5.880155082113680640e+17,1.237659754459561984e+18,2.614393726401687879e+00,6.173874074491234737e-02
5.880155082171352320e+17,1.237659754465329408e+18,2.821357152192812912e+00,-2.518012998530941182e+00
5.880155087379498240e+17,1.237659754986144000e+18,3.383468048124332661e+00,4.421423962882214953e-01
5.880155087536129280e+17,1.237659755001807104e+18,2.385606273598312121e+00,1.502153816590710844e-01
5.880155092697089280e+17,1.237659755517902848e+18,2.559416804894371733e+00,1.147861204593370876e-01
5.880155092722648320e+17,1.237659755520458752e+18,2.720340221751378351e+00,2.849847513873266652e-02
5.880155092733788160e+17,1.237659755521572864e+18,2.614393726401687879e+00,4.711459869925617161e-01
5.880155092740998400e+17,1.237659755522294016e+18,2.503011752845926807e+00,1.030681010491677901e-01
5.880155092777043200e+17,1.237659755525898240e+18,2.821357152192812912e+00,-6.032211416329598119e-01
5.880155092786873600e+17,1.237659755526881280e+18,2.385606273598312121e+00,1.393348382960536702e-01
5.880155092827505920e+17,1.237659755530944768e+18,1.989700043360187909e+00,2.833582484702109605e-01
5.880155092848477440e+17,1.237659755533041664e+18,3.266062568876718863e+00,9.184588972352722425e-02
5.880155092900250880e+17,1.237659755538219264e+18,1.989700043360187909e+00,2.421798057726435860e-01
5.880155098135266560e+17,1.237659756061720576e+18,6.246936830414996367e-01,1.534334082293810742e+00
5.880155103443025920e+17,1.237659756592496640e+18,2.385606273598312121e+00,6.465815199437999761e-01
5.880155103557716480e+17,1.237659756603965696e+18,2.614393726401687879e+00,7.880700671026871773e-02
5.880155103650120960e+17,1.237659756613206016e+18,2.614393726401687879e+00,-1.470319040209539831e-02
5.880168396395644160e+17,1.237661085887758592e+18,3.817139967814686230e+00,nan
5.880168407062941440e+17,1.237661086954488320e+18,2.720340221751378351e+00,1.047331733467248144e-01
5.880168407129131520e+17,1.237661086961106944e+18,1.505149978319906046e+00,1.617111896972657503e-02
5.880168906388931840e+17,1.237661136887087360e+18,2.385606273598312121e+00,8.680194624621383193e-02
5.880168911782545920e+17,1.237661137426448640e+18,2.559416804894371733e+00,-4.750663023980639665e-01
5.880168917138800640e+17,1.237661137962074368e+18,3.266062568876718863e+00,1.423554767984196723e-01
5.880168917151909120e+17,1.237661137963385088e+18,2.129843661361405349e+00,9.993719221215160986e-02
5.880168927869011200e+17,1.237661139035095040e+18,2.385606273598312121e+00,2.109817723472593720e-01
5.880168927873597440e+17,1.237661139035553792e+18,2.385606273598312121e+00,3.539570969764391228e-01
5.880171102223729920e+17,1.237661356470566912e+18,1.839883926472972053e+00,1.276592882261064765e-01
5.880171102223729920e+17,1.237661356470567168e+18,2.559416804894371733e+00,1.804991118956620344e-01
5.880171107545908480e+17,1.237661357002785024e+18,2.821357152192812912e+00,8.029975140784136045e-02
5.880171112982119680e+17,1.237661357546406144e+18,2.196663469151313386e+00,1.050329944560363243e-01
5.880171123660555520e+17,1.237661358614249728e+18,1.505149978319906046e+00,1.695594336587024631e-01
5.880171155904267520e+17,1.237661361838620928e+18,2.614393726401687879e+00,1.066092012204881839e-01
5.880171161304432640e+17,1.237661362378637568e+18,2.614393726401687879e+00,2.568312018816384587e-02
5.880175697738465280e+17,1.237661816022040576e+18,2.385606273598312121e+00,2.150007638228883591e-02
5.880176036281713920e+17,1.237661849876365568e+18,3.010299956639812091e+00,7.814590481398776822e-02
5.880176041383690240e+17,1.237661850386563328e+18,2.129843661361405349e+00,2.929820103813805532e-01
5.880176052183367680e+17,1.237661851466530816e+18,2.614393726401687879e+00,-1.277247024070100323e-01
5.880176250765313280e+17,1.237661871324725248e+18,2.385606273598312121e+00,2.320319629963312202e-01
5.880176250823640320e+17,1.237661871330557952e+18,2.385606273598312121e+00,8.293414134686599715e-02
5.880176256285410560e+17,1.237661871876735232e+18,2.129843661361405349e+00,1.548965962408495600e-01
5.880176266996613120e+17,1.237661872947855360e+18,2.385606273598312121e+00,4.132721830966145093e-01
5.880176272426928640e+17,1.237661873490886912e+18,2.821357152192812912e+00,1.618717820154049192e-01
5.880176277575435520e+17,1.237661874005737472e+18,2.720340221751378351e+00,1.826057339800323809e-01
5.880176277607548160e+17,1.237661874008948992e+18,2.385606273598312121e+00,1.528319499302296380e-01
5.880176277656044800e+17,1.237661874013798400e+18,2.385606273598312121e+00,1.759767870340936124e-01
5.880176277680293120e+17,1.237661874016223488e+18,2.385606273598312121e+00,3.256838286114770442e-01
5.880177029334959360e+17,1.237661949181689856e+18,2.385606273598312121e+00,8.499341764493575924e-02
5.880177029487658240e+17,1.237661949196959744e+18,2.614393726401687879e+00,1.005345260022759424e-01
5.880177029537466880e+17,1.237661949201940736e+18,2.614393726401687879e+00,2.067597584346077821e-01
5.880177040117597440e+17,1.237661950259953920e+18,2.720340221751378351e+00,9.602642580892406521e-02
5.880177045307393280e+17,1.237661950778933248e+18,3.010299956639812091e+00,2.666353563518343225e-02
5.880177045405696000e+17,1.237661950788763648e+18,2.385606273598312121e+00,3.465250644773101296e-01
5.880177045419459840e+17,1.237661950790139904e+18,3.010299956639812091e+00,1.858722754314244552e-01
5.880177045494826240e+17,1.237661950797676544e+18,2.385606273598312121e+00,1.089325067957491594e-01
5.880177045542667520e+17,1.237661950802460928e+18,1.989700043360187909e+00,3.126043917902898706e-01
5.880177050746225920e+17,1.237661951322816512e+18,2.614393726401687879e+00,1.125824552403891926e-01
5.880177125849826560e+17,1.237661958833176832e+18,2.525749891599530450e+00,1.600673808520027275e-01
5.880177195715134720e+17,1.237661965819707392e+18,2.657394585211275917e+00,8.366353599201228897e-02
5.880177206446654720e+17,1.237661966892859392e+18,3.184110487935871703e+00,6.514230358085131012e-02
5.880177217156547840e+17,1.237661967963848704e+18,2.385606273598312121e+00,2.749349872922353111e-01
5.880177260213044480e+17,1.237661972269498624e+18,3.701813447471219654e+00,5.760167252714679803e-02
5.880177265493280000e+17,1.237661972797522176e+18,2.870156338638594207e+00,9.172599108552351166e-02
5.880177297683907840e+17,1.237661976016584704e+18,2.385606273598312121e+00,1.722667314841081487e-01
5.880177303060480000e+17,1.237661976554242048e+18,3.010299956639812091e+00,7.510325039438188466e-02
5.880179482927434240e+17,1.237662194540937472e+18,1.839883926472972053e+00,1.183562699847900690e-01
5.880179488162448640e+17,1.237662195064438784e+18,2.614393726401687879e+00,5.409903927137478530e-02
5.880179498838918400e+17,1.237662196132085760e+18,2.614393726401687879e+00,2.083637474174441784e-01
5.880179778286388480e+17,1.237662224076833024e+18,2.821357152192812912e+00,1.161941322619537004e-01
5.880179783780926720e+17,1.237662224626286848e+18,2.720340221751378351e+00,3.692916955077030217e-01
5.880179788914360320e+17,1.237662225139630080e+18,1.839883926472972053e+00,2.187494396291501941e-01
5.880179794463294720e+17,1.237662225694523648e+18,2.385606273598312121e+00,-5.021171259654838570e-01
5.880179799760569600e+17,1.237662226224251136e+18,2.870156338638594207e+00,1.315747157598461115e-01
5.880179906929624320e+17,1.237662236941156352e+18,2.821357152192812912e+00,5.226954118874991423e-02
5.880179912249180160e+17,1.237662237473112320e+18,1.878318069804426838e+00,1.095833535787333224e+00
5.880179917714885120e+17,1.237662238019682560e+18,2.614393726401687879e+00,1.227272588575187284e-02
5.880179923065244160e+17,1.237662238554718464e+18,2.821357152192812912e+00,4.635485470635587746e-03
5.880180556504761600e+17,1.237662301898670336e+18,2.385606273598312121e+00,1.236443077273553098e-01
5.880180894713776640e+17,1.237662335719571712e+18,3.010299956639812091e+00,1.927243417858815200e-01
5.880180916136183040e+17,1.237662337861812480e+18,2.129843661361405349e+00,1.454115493630388500e-01
5.880182543009713920e+17,1.237662500549165312e+18,2.870156338638594207e+00,4.312833342608735770e-02
5.880230464102727680e+17,1.237667292658466816e+18,1.839883926472972053e+00,1.036194204864276797e-01
5.880230480218031360e+17,1.237667294269997312e+18,2.614393726401687879e+00,2.752460327906008364e-01
5.880232396702353920e+17,1.237667485918429440e+18,3.383468048124332661e+00,3.492740397407648190e-01
5.880236681018082560e+17,1.237667914350002432e+18,2.385606273598312121e+00,1.764611960962460813e-01
5.880236686405798400e+17,1.237667914888773888e+18,2.385606273598312121e+00,1.013979703407240224e-01
5.880236697077024000e+17,1.237667915955896576e+18,2.385606273598312121e+00,9.009385217377133270e-02
5.880236707844588800e+17,1.237667917032653056e+18,2.614393726401687879e+00,1.838629926986797697e-02
5.880237212469168640e+17,1.237667967495110912e+18,2.614393726401687879e+00,1.397340573770772532e-01
5.882908800291310080e+17,1.237653651300614400e+18,2.720340221751378351e+00,3.628167953834852272e-02
5.882958401777173760e+17,1.237658611449200640e+18,2.129843661361405349e+00,1.842168639354817006e-01
5.882958407117701120e+17,1.237658611983253504e+18,2.129843661361405349e+00,1.516143627353567225e-01
5.882958412468060160e+17,1.237658612518289408e+18,3.010299956639812091e+00,8.109348282188327817e-02
5.882978636401216000e+17,1.237660634911604992e+18,3.266062568876718863e+00,3.108478014405685608e-01
5.882978636499518720e+17,1.237660634921435136e+18,1.989700043360187909e+00,1.174128337413420792e-01
5.882978641775166720e+17,1.237660635448999936e+18,2.385606273598312121e+00,-2.573257849953873230e-02
5.882978652459502080e+17,1.237660636517433600e+18,2.559416804894371733e+00,7.637390323045403773e-02
5.882978657964524800e+17,1.237660637067935744e+18,3.890756251918218389e+00,1.370117196369040335e-01
5.882986619649392640e+17,1.237661433236422656e+18,3.266062568876718863e+00,1.639889123103746849e-01
5.882986630445139200e+17,1.237661434315997440e+18,1.989700043360187909e+00,2.908592804128288800e-01
5.882986635835476480e+17,1.237661434855031040e+18,1.839883926472972053e+00,2.674697538758565862e-01
5.888488988208663040e+17,1.237648720138928384e+18,2.129843661361405349e+00,-6.238161938484998448e-02
5.888488988478013440e+17,1.237648720165863424e+18,2.385606273598312121e+00,2.646826340303348735e-01
5.888488988480636160e+17,1.237648720166125568e+18,2.074866739854090092e+00,5.280547506889853721e-02
5.888488988516025600e+17,1.237648720169664768e+18,3.010299956639812091e+00,1.464891230529321575e-01
5.888488993652081920e+17,1.237648720683270144e+18,2.614393726401687879e+00,1.348503208563724964e-01
5.888488993709753600e+17,1.237648720689037312e+18,2.385606273598312121e+00,2.903642235908784897e-01
5.888488993781186560e+17,1.237648720696180992e+18,3.184110487935871703e+00,1.628906107965955308e-01
5.888488993954859520e+17,1.237648720713548032e+18,2.720340221751378351e+00,1.153289192149067055e-01
5.888488999024724480e+17,1.237648721220534528e+18,3.266062568876718863e+00,3.306248049668938926e-01
5.888488999056837120e+17,1.237648721223745792e+18,3.116246451989502120e+00,1.781346581612024416e-01
5.888489004291854080e+17,1.237648721747247616e+18,1.839883926472972053e+00,6.449194435092317490e-02
5.888489004306270720e+17,1.237648721748689152e+18,2.720340221751378351e+00,2.172982906209876552e-01
5.888489004525815040e+17,1.237648721770643456e+18,2.720340221751378351e+00,2.774108238187805164e-01
5.888489004591352320e+17,1.237648721777197312e+18,2.385606273598312121e+00,2.308864153174925923e-02
5.888489009654009600e+17,1.237648722283463168e+18,2.559416804894371733e+00,4.857249445272591309e-02
5.888489009958094080e+17,1.237648722313871360e+18,2.525749891599530450e+00,9.699171450695349972e-02
5.888489010021665280e+17,1.237648722320228608e+18,3.266062568876718863e+00,1.639384135286141853e-01
