dr7objid,dr8objid,distance,RA,DEC,petroR50_r,petroR90_r
587722952770585097,1237648673995489776,1.46106033631583E-05,244.33086739,-0.08199632,2.691747,5.46083
587722952770585097,1237648673995489776,1.46106033631583E-05,244.33086739,-0.08199632,2.691747,5.46083
587722954380542264,1237648675605446927,1.67861258132815E-05,242.81097458,1.12749584,1.676805,3.433607
587722981770003285,1237648702994907475,2.02251335985999E-05,248.42309776,-1.21460211,2.959606,5.834097
587722981770003285,1237648702994907475,2.02251335985999E-05,248.42309776,-1.21460211,2.959606,5.834097
587722981770003285,1237648702994907475,2.02251335985999E-05,248.42309776,-1.21460211,2.959606,5.834097
587722982285443193,1237648703510347945,2.02078746800605E-06,199.42585079,-0.78706967,1.426507,3.236094
587722982298419532,1237648703523324206,2.27035133582616E-06,229.03199767,-0.80057445,1.320261,3.740403
587722982819233998,1237648704044138697,2.59061591187152E-06,192.43772275,-0.35162736,1.906737,4.606308
587722983352762532,1237648704577667254,1.41684455432674E-05,184.78269779,0.14097967,2.184127,6.064371
587722983372161650,1237648704597066454,2.11615142460525E-05,229.10908135,0.11874997,1.463179,3.930535
587722983372161650,1237648704597066454,2.11615142460525E-05,229.10908135,0.11874997,1.463179,3.930535
587722983372161650,1237648704597066454,2.11615142460525E-05,229.10908135,0.11874997,1.463179,3.930535
587722983372947777,1237648704597852432,1.74588580325085E-05,230.81458882,0.03881486,2.206134,5.127162
587722983898873958,1237648705123778817,9.50861252896422E-07,205.90680985,0.58480896,1.840274,4.643839
587722983898873958,1237648705123778817,9.50861252896422E-07,205.90680985,0.58480896,1.840274,4.643839
587722984420737188,1237648705645641944,5.53260430129594E-06,171.62090652,0.98310248,2.019717,4.867896
587724198820053117,1237649920044957812,2.28879043390892E-06,27.87400101,13.94872261,1.369529,3.541717
587724198821232756,1237649920046137510,7.42522406078286E-06,30.73585377,13.71835537,3.933404,7.516593
587724199887569058,1237649921112473766,9.78073327732621E-07,13.34963674,15.86370585,2.186038,4.399546
587724241226694659,1237649962451599440,3.72209353230005E-06,41.82277058,-8.04224527,1.511412,3.573194
587724241226694659,1237649962451599440,3.72209353230005E-06,41.82277058,-8.04224527,1.511412,3.573194
587724241226694659,1237649962451599440,3.72209353230005E-06,41.82277058,-8.04224527,1.511412,3.573194
587725039015690317,1237650760240595032,4.28494960052146E-06,174.26205781,-3.52302788,1.741269,4.584448
587725040628596896,1237650761853501640,5.80819675308649E-06,179.60776251,-2.36727722,1.868089,5.154219
587725041174118583,1237650762399023286,2.25332307684153E-06,199.34645305,-1.95519387,3.267723,9.800534
587725041711317180,1237650762936221910,7.25075294720844E-06,200.13417893,-1.38831656,1.657984,4.906332
587725041711317180,1237650762936221910,7.25075294720844E-06,200.13417893,-1.38831656,1.657984,4.906332
587725041711317180,1237650762936221910,7.25075294720844E-06,200.13417893,-1.38831656,1.657984,4.906332
587725041711317180,1237650762936221910,7.25075294720844E-06,200.13417893,-1.38831656,1.657984,4.906332
587725074989580555,1237650796214485054,1.401506138E-05,133.48129182,0.14121852,2.127968,4.133383
587725074992726237,1237650796217630959,6.77901137626757E-06,140.76865796,0.08899985,2.237461,5.481932
587725491599179904,1237651212824084614,9.96852800105538E-05,258.638046,58.63622199,3.15761,6.569321
587725505557233924,1237651226782138646,5.5718845859814E-05,259.12596115,60.23965144,1.4146,3.056704
587725505557233989,1237651226782138727,7.08729985532483E-05,259.03822925,60.17980475,2.021284,4.309716
587725550136328325,1237651271361233032,7.26005858084758E-05,171.33253449,65.6509968,3.28492,7.043204
587725551213084773,1237651272437989456,7.40098175708476E-05,188.1863423,67.14089918,1.788503,4.70536
587725551213084773,1237651272437989456,7.40098175708476E-05,188.1863423,67.14089918,1.788503,4.70536
587725551213084773,1237651272437989456,7.40098175708476E-05,188.1863423,67.14089918,1.788503,4.70536
587725551748251770,1237651272973156456,5.17634028751483E-05,178.07074609,67.38385472,1.911245,4.552779
587725551748251770,1237651272973156456,5.17634028751483E-05,178.07074609,67.38385472,1.911245,4.552779
587725551748251770,1237651272973156456,5.17634028751483E-05,178.07074609,67.38385472,1.911245,4.552779
587725552269918475,1237651273494823177,7.24019825826313E-05,121.10067972,47.52265176,1.935861,5.366987
587725552275882125,1237651273500786824,7.4145613025046E-05,135.35713094,58.11456987,1.623685,3.858634
587725552275882125,1237651273500786824,7.4145613025046E-05,135.35713094,58.11456987,1.623685,3.858634
587725590381986006,1237651311606890787,9.69529502350875E-05,259.2570591,64.12263717,1.275604,3.176164
587725590382117036,1237651311607021764,9.13116740197815E-05,259.51769683,63.89390603,2.453789,6.160415
587725590382117036,1237651311607021764,9.13116740197815E-05,259.51769683,63.89390603,2.453789,6.160415
587725590385983750,1237651311610888485,6.16737383558573E-05,264.22547935,55.35001888,2.149846,4.908596
587725774529954130,1237651495754858906,3.9277971975728E-06,115.27159079,39.60137805,1.999737,4.545758
587725774529954130,1237651495754858906,3.9277971975728E-06,115.27159079,39.60137805,1.999737,4.545758
587725774529954130,1237651495754858906,3.9277971975728E-06,115.27159079,39.60137805,1.999737,4.545758
587725775066235237,1237651496291139904,3.55862179981579E-06,113.85546391,38.65083972,1.552444,4.161427
587725816943935655,1237651538168840339,8.2854288836619E-05,150.74119628,62.70888095,1.89596,4.268559
587725816943935655,1237651538168840339,8.2854288836619E-05,150.74119628,62.70888095,1.89596,4.268559
587725816949047304,1237651538173952121,3.57793047436365E-05,176.53026121,66.68444976,1.038267,2.626175
587725816963399762,1237651538188304466,7.01989868191708E-05,240.35466538,53.24856998,1.431708,3.818203
587725818024886354,1237651539249791043,7.86626418602387E-05,188.81896193,67.83381409,2.378452,5.291725
587725993572565111,1237651714797469952,4.86109878922534E-05,247.07114003,48.31708309,1.223614,3.324682
587725993572565111,1237651714797469952,4.86109878922534E-05,247.07114003,48.31708309,1.223614,3.324682
587726013996793920,1237651735221698565,1.41999712526351E-06,183.60203327,1.62007432,2.752767,6.465585
587726014002626699,1237651735227531441,7.2760684259712E-06,196.94870896,1.60272162,1.921359,4.458037
587726014010556630,1237651735235461336,3.42999360289564E-06,215.13446308,1.30643332,2.191196,5.540843
587726014010556630,1237651735235461336,3.42999360289564E-06,215.13446308,1.30643332,2.191196,5.540843
587726014013178091,1237651735238082876,2.98245890406905E-06,221.16846124,1.03609088,2.542882,6.360714
587726015085543504,1237651736310448369,3.82965095633179E-06,218.02327855,2.02514803,1.416875,3.957165
587726015085543504,1237651736310448369,3.82965095633179E-06,218.02327855,2.02514803,1.416875,3.957165
587726016152469684,1237651737377374398,3.28938426983996E-06,202.39245294,3.17621771,1.735022,4.036668
587726016685539439,1237651737910444153,2.22495381298424E-06,193.68653425,3.68910555,2.049263,4.296683
587726016692879571,1237651737917784248,1.49842669803713E-05,210.54648397,3.3221494,3.102568,7.465196
587726031730245836,1237651752955150521,7.38691613143817E-06,222.35742972,1.25584185,1.490884,3.501264
587726032795926598,1237651754020831297,3.53187828060275E-06,204.01570511,2.46914348,2.029921,5.598536
587726032795926598,1237651754020831297,3.53187828060275E-06,204.01570511,2.46914348,2.029921,5.598536
587726033308811396,1237651754533716074,5.35741826225185E-06,149.11979566,2.46328867,2.321596,5.248776
587726033330176179,1237651754555080888,7.13877827242312E-06,198.0870172,2.9350809,2.619004,5.552628
587726033875108006,1237651755100012695,1.322822939215E-05,216.49344107,3.02377966,2.270603,4.668696
587726100416430301,1237651821641335010,3.51513094795929E-06,228.93930488,2.79587451,3.204337,6.521799
587726877263200890,1237652598488105227,1.10604099950892E-05,313.60548205,-7.1537792,1.791821,3.762902
587726878877679888,1237652600102584566,2.28885600674577E-05,322.47784829,-7.12583578,2.476383,5.110595
587726879409570601,1237652600634475380,1.0155243417492E-05,311.27923444,-5.22015757,1.380387,3.175072
587727177913729160,1237652899138633853,1.94997693560971E-07,2.64177367,-11.19831375,1.210909,2.923133
587727177922117761,1237652899147022453,7.51895030276968E-06,22.1976382,-10.69088521,2.755663,6.436734
587727178989437048,1237652900214341765,1.37773515744923E-06,7.24590149,-10.37370113,1.309097,2.87218
587727179000709233,1237652900225613945,1.25281829058464E-06,33.26762814,-9.15466838,1.670187,4.683032
587727179000709233,1237652900225613945,1.25281829058464E-06,33.26762814,-9.15466838,1.670187,4.683032
587727179536007220,1237652900760911916,1.10754456663564E-06,29.58213421,-8.95991472,2.195607,5.24003
587727179538694354,1237652900763599071,1.16940816595052E-06,35.86763991,-8.58010021,1.753409,4.027668
587727179538694354,1237652900763599071,1.16940816595052E-06,35.86763991,-8.58010021,1.753409,4.027668
587727180068421650,1237652901293326350,3.38992570675229E-06,19.29996856,-9.23560809,2.165041,5.231094
587727221939699992,1237652943164604645,5.45980905005467E-06,334.80565534,12.97634488,1.418158,3.949331
587727221951430801,1237652943176335488,5.11727685943732E-06,2.38721628,14.92928944,1.538459,4.029695
587727225694650487,1237652946919555162,1.80742596846484E-06,10.4777587,-10.49573329,1.70055,4.864771
587727225694650487,1237652946919555162,1.80742596846484E-06,10.4777587,-10.49573329,1.70055,4.864771
587727226235584615,1237652947460489307,3.76825535357027E-06,19.84605089,-9.86965263,1.63888,3.941571
587727226767605815,1237652947992510566,6.61500874097132E-07,8.65174421,-9.57550958,1.084978,3.069829
587727231595577521,1237652952820482221,1.54099581648699E-06,23.85525857,-8.6467482,1.746233,3.633978
587727231597281401,1237652952822186165,5.70453319091636E-06,27.81032212,-8.48153626,3.425827,7.682113
587727231597281401,1237652952822186165,5.70453319091636E-06,27.81032212,-8.48153626,3.425827,7.682113
587727779743793259,1237653500968697936,3.03384932068878E-06,35.10936289,-9.26749943,1.419173,3.092732
587727865645760598,1237653586870665456,4.4798568529285E-06,121.43963868,39.20536129,1.144711,2.703469
587727865645760598,1237653586870665456,4.4798568529285E-06,121.43963868,39.20536129,1.144711,2.703469
587727866718388354,1237653587943293091,1.98993596648855E-06,118.48344201,37.7245148,1.145468,2.983172
587727866718388354,1237653587943293091,1.98993596648855E-06,118.48344201,37.7245148,1.145468,2.983172
587727866718388354,1237653587943293091,1.98993596648855E-06,118.48344201,37.7245148,1.145468,2.983172
587727866718388354,1237653587943293091,1.98993596648855E-06,118.48344201,37.7245148,1.145468,2.983172
587727942952943700,1237653664177848404,4.54470035217263E-06,133.38448992,0.95478285,1.531993,3.294403
587727944027078928,1237653665251983604,1.6229493742883E-05,134.22865744,1.88163958,1.7001,3.71274
587727944027078928,1237653665251983604,1.6229493742883E-05,134.22865744,1.88163958,1.7001,3.71274
587728308030013586,1237654029254918268,3.580381073777E-06,171.68807879,1.98670039,1.86745,5.539329
587728308568588469,1237654029793493177,3.84874255249799E-06,175.67646797,2.38280514,3.058343,6.853637
587728309642526864,1237654030867431564,7.88909039322016E-06,176.13394258,3.19803679,1.844157,3.699136
587728664506073210,1237654385730977912,6.19666847429669E-06,126.05466973,43.62250534,1.450145,3.056822
587728664506073210,1237654385730977912,6.19666847429669E-06,126.05466973,43.62250534,1.450145,3.056822
587728664506073210,1237654385730977912,6.19666847429669E-06,126.05466973,43.62250534,1.450145,3.056822
587728664506073210,1237654385730977912,6.19666847429669E-06,126.05466973,43.62250534,1.450145,3.056822
587728665579749471,1237654386804654178,0.000105736395079836,124.88763845,44.06147173,1.813502,4.323769
587728677394579646,1237654398619484382,5.45737355805959E-05,186.32326741,64.27976437,1.667335,4.541711
587728879272329343,1237654600497234026,5.42172361670959E-06,167.33746913,4.02671963,1.758115,3.826112
587728879272329343,1237654600497234026,5.42172361670959E-06,167.33746913,4.02671963,1.758115,3.826112
587728879793537370,1237654601018442078,1.96679991622384E-06,131.55148779,2.64807891,1.985634,4.300352
587728879802712201,1237654601027616876,2.84253298421563E-06,152.45326921,3.84560006,2.86887,7.893342
587728879802712201,1237654601027616876,2.84253298421563E-06,152.45326921,3.84560006,2.86887,7.893342
587728879802712201,1237654601027616876,2.84253298421563E-06,152.45326921,3.84560006,2.86887,7.893342
587728879802712201,1237654601027616876,2.84253298421563E-06,152.45326921,3.84560006,2.86887,7.893342
587728879802712201,1237654601027616876,2.84253298421563E-06,152.45326921,3.84560006,2.86887,7.893342
587728879802712201,1237654601027616876,2.84253298421563E-06,152.45326921,3.84560006,2.86887,7.893342
587728879807758477,1237654601032663148,3.56293438194537E-06,164.08112806,4.40725834,1.737413,4.392391
587728918982164621,1237654640207069310,3.6887392206854E-05,205.08493381,63.65091688,1.615232,3.511994
587728919520739510,1237654640745644213,4.66264079575315E-05,213.76047109,62.68613942,1.171074,2.80054
587728919520739510,1237654640745644213,4.66264079575315E-05,213.76047109,62.68613942,1.171074,2.80054
587728919520739510,1237654640745644213,4.66264079575315E-05,213.76047109,62.68613942,1.171074,2.80054
587728920058658827,1237654641283563531,6.24323292049163E-05,218.45094879,61.93387769,1.602422,3.758213
587728930269036669,1237654651493941358,6.19513813177778E-06,135.28481921,46.88086134,1.419414,3.130125
587728930269036669,1237654651493941358,6.19513813177778E-06,135.28481921,46.88086134,1.419414,3.130125
587728930269036669,1237654651493941358,6.19513813177778E-06,135.28481921,46.88086134,1.419414,3.130125
587728930269036669,1237654651493941358,6.19513813177778E-06,135.28481921,46.88086134,1.419414,3.130125
587728931875586144,1237654653100490983,9.70502108294482E-06,124.82156494,41.233516,1.652303,4.386384
587728931876241418,1237654653101146281,4.06322697687707E-06,126.12486289,42.22706289,1.816431,5.099062
587728931876241418,1237654653101146281,4.06322697687707E-06,126.12486289,42.22706289,1.816431,5.099062
587728948513669243,1237654669738573951,9.7207969128081E-07,156.79904885,-0.30375587,1.948897,5.005244
587729155745644681,1237654876970549389,5.925215372855E-05,182.78352666,65.69079745,1.306964,3.063679
587729156280418412,1237654877505323131,8.79691095165121E-05,171.2927385,65.5064988,3.39574,9.935144
587729160042840112,1237654881267744802,8.29485951728168E-06,200.91598588,5.46912511,1.195968,3.568453
587729160055619777,1237654881280524482,6.8532413284324E-06,230.1123278,4.29275085,1.920941,4.409286
587729160055619777,1237654881280524482,6.8532413284324E-06,230.1123278,4.29275085,1.920941,4.409286
587729231445033334,1237654952669938054,6.20886012728645E-06,253.88917712,39.58193541,4.158051,9.026515
587729231981969530,1237654953206874205,2.10239343692317E-06,254.31244384,39.68621708,0.9271241,2.371633
587729231981969530,1237654953206874205,2.10239343692317E-06,254.31244384,39.68621708,0.9271241,2.371633
587729231981969530,1237654953206874205,2.10239343692317E-06,254.31244384,39.68621708,0.9271241,2.371633
587729231982232075,1237654953207136819,6.48285433958178E-06,254.74855118,39.06843675,1.89903,5.081872
587729231982232075,1237654953207136819,6.48285433958178E-06,254.74855118,39.06843675,1.89903,5.081872
587729233054794006,1237654954279698736,1.05370094908114E-05,254.05622066,42.0224739,1.84999,3.936291
587729233059054103,1237654954283958852,1.44091824514867E-05,259.87676958,33.33127296,1.778599,5.584596
587729233059054103,1237654954283958852,1.44091824514867E-05,259.87676958,33.33127296,1.778599,5.584596
587729385539305509,1237655106764210213,8.92197159855568E-05,171.42034089,58.19595508,1.70336,4.455278
587729385539305509,1237655106764210213,8.92197159855568E-05,171.42034089,58.19595508,1.70336,4.455278
587729385539305509,1237655106764210213,8.92197159855568E-05,171.42034089,58.19595508,1.70336,4.455278
587729385539305509,1237655106764210213,8.92197159855568E-05,171.42034089,58.19595508,1.70336,4.455278
587729386066083959,1237655107290988660,0.000101351464844737,136.23988858,47.95008927,1.452941,3.025698
587729386608263330,1237655107833167973,9.40238461758013E-05,152.0878028,55.20860337,1.685382,3.603711
587729386613112908,1237655107838017607,9.207705578872E-05,171.21419205,58.97928182,1.639145,3.855705
587729387680891039,1237655108905795806,0.000102138635728496,147.55983431,54.60577636,1.466924,3.759347
587729387680891039,1237655108905795806,0.000102138635728496,147.55983431,54.60577636,1.466924,3.759347
587729388208848964,1237655109433753664,9.04804106527701E-06,124.01308049,41.37313903,1.222625,3.018227
587729388208848964,1237655109433753664,9.04804106527701E-06,124.01308049,41.37313903,1.222625,3.018227
587729388208848964,1237655109433753664,9.04804106527701E-06,124.01308049,41.37313903,1.222625,3.018227
587729747913343328,1237655469138248076,3.96084179456053E-06,234.10319548,1.82309766,1.992092,4.183623
587729748449493193,1237655469674397930,1.74105328058371E-06,232.41808154,2.15216033,1.796811,4.401772
587729752749965473,1237655473974870561,2.30457780904493E-06,259.54580786,28.30737257,1.526749,3.812017
587729773148569829,1237655494373474570,1.09678151812752E-06,213.80809202,-2.40485364,2.051661,4.05033
587729776907780103,1237655498132684806,1.84878238569556E-05,215.29833705,-2.63023624,0.9606982,2.400636
587729777979883766,1237655499204788466,6.92147144774064E-06,211.64203741,-1.93606219,1.946901,4.139737
587729778522062961,1237655499746967640,5.29047279939811E-06,223.66102739,-1.25909095,1.666469,3.674915
587730021715738749,1237655742940643442,2.23611855082324E-06,214.66641071,5.89500685,1.650039,5.013168
587730022788825222,1237655744013729898,7.13280045698544E-06,213.18799145,6.72335869,2.12693,5.916335
587730773337374808,1237656494562279502,2.8964852335933E-06,326.14602213,10.93932477,1.954154,4.332285
587730773338882558,1237656494563787175,1.50563600688351E-06,329.69113733,11.62145305,1.744958,4.122762
587730817365245979,1237656538590150830,1.56615227645064E-05,344.7265437,-9.34215114,1.497818,3.514197
587730846356406507,1237656567581311160,3.74480707323529E-06,326.41736531,-0.76591101,1.813728,4.066501
587730847964463584,1237656569189368278,4.13396452999549E-06,320.67915051,0.58342232,1.234728,3.153512
587730847965839804,1237656569190744490,3.2769511460003E-06,323.81407169,0.44855007,1.76079,4.910437
587730847965839804,1237656569190744490,3.2769511460003E-06,323.81407169,0.44855007,1.76079,4.910437
587730848501137816,1237656569726042481,2.55527880881519E-06,320.18315166,1.00191873,1.200727,2.584195
587730848501137816,1237656569726042481,2.55527880881519E-06,320.18315166,1.00191873,1.200727,2.584195
587730848501137816,1237656569726042481,2.55527880881519E-06,320.18315166,1.00191873,1.200727,2.584195
587730848501137816,1237656569726042481,2.55527880881519E-06,320.18315166,1.00191873,1.200727,2.584195
587731172232528388,1237656893457433055,2.29144788429348E-06,314.25158541,-0.98703576,1.119295,2.684116
587731185662558420,1237656906887463082,1.45016092132459E-06,349.78376994,-0.53289507,2.663038,8.049274
587731186207293641,1237656907432198376,6.09893528886116E-06,7.77277744,-0.00457001,1.507881,3.486727
587731186207293641,1237656907432198376,6.09893528886116E-06,7.77277744,-0.00457001,1.507881,3.486727
587731186208997544,1237656907433902279,5.23819545046871E-06,11.60966563,-0.07597669,1.842236,4.450049
587731186726928842,1237656907951833551,9.37722544398265E-07,328.38311146,0.29812786,0.9257584,2.465604
587731186726928842,1237656907951833551,9.37722544398265E-07,328.38311146,0.29812786,0.9257584,2.465604
587731186726928842,1237656907951833551,9.37722544398265E-07,328.38311146,0.29812786,0.9257584,2.465604
587731186726928842,1237656907951833551,9.37722544398265E-07,328.38311146,0.29812786,0.9257584,2.465604
587731186734465319,1237656907959370114,3.04506329305026E-06,345.61007278,0.22861435,1.947144,6.047206
587731186744230027,1237656907969134754,2.06669745810424E-06,7.89131328,0.22833375,1.6619,3.868021
587731187805782213,1237656909030686942,1.60769043829451E-06,339.97910695,1.1112005,2.450396,5.879217
587731187817054247,1237656909041959014,3.72235114449474E-05,5.75745748,1.18472568,0.7443576,1.527133
587731500256395413,1237657221481300129,0.00011773820344202,144.9002493,50.30551562,1.91723,5.558662
587731511539793980,1237657232764698696,6.23400491532237E-06,36.53416025,-0.8885488,0.8641431,2.115665
587731511539793980,1237657232764698696,6.23400491532237E-06,36.53416025,-0.8885488,0.8641431,2.115665
587731511539793980,1237657232764698696,6.23400491532237E-06,36.53416025,-0.8885488,0.8641431,2.115665
587731511539793980,1237657232764698696,6.23400491532237E-06,36.53416025,-0.8885488,0.8641431,2.115665
587731511539793980,1237657232764698696,6.23400491532237E-06,36.53416025,-0.8885488,0.8641431,2.115665
587731511539793980,1237657232764698696,6.23400491532237E-06,36.53416025,-0.8885488,0.8641431,2.115665
587731511539793980,1237657232764698696,6.23400491532237E-06,36.53416025,-0.8885488,0.8641431,2.115665
587731511539793980,1237657232764698696,6.23400491532237E-06,36.53416025,-0.8885488,0.8641431,2.115665
587731511539793980,1237657232764698696,6.23400491532237E-06,36.53416025,-0.8885488,0.8641431,2.115665
587731511539793980,1237657232764698696,6.23400491532237E-06,36.53416025,-0.8885488,0.8641431,2.115665
587731511539793980,1237657232764698696,6.23400491532237E-06,36.53416025,-0.8885488,0.8641431,2.115665
587731511539793980,1237657232764698696,6.23400491532237E-06,36.53416025,-0.8885488,0.8641431,2.115665
587731512076140753,1237657233301045458,1.52613338608725E-06,35.38840686,-0.43972156,1.399061,2.906394
587731512081842218,1237657233306747005,6.25935116434882E-06,48.34917227,-0.50102278,1.009508,2.648073
587731512081842218,1237657233306747005,6.25935116434882E-06,48.34917227,-0.50102278,1.009508,2.648073
587731512081842218,1237657233306747005,6.25935116434882E-06,48.34917227,-0.50102278,1.009508,2.648073
587731512081842218,1237657233306747005,6.25935116434882E-06,48.34917227,-0.50102278,1.009508,2.648073
587731512081842218,1237657233306747005,6.25935116434882E-06,48.34917227,-0.50102278,1.009508,2.648073
587731512620351634,1237657233845256370,5.53958108152646E-06,52.05278722,-0.16365971,1.598924,4.208427
587731512620351634,1237657233845256370,5.53958108152646E-06,52.05278722,-0.16365971,1.598924,4.208427
587731512620351634,1237657233845256370,5.53958108152646E-06,52.05278722,-0.16365971,1.598924,4.208427
587731512620351634,1237657233845256370,5.53958108152646E-06,52.05278722,-0.16365971,1.598924,4.208427
587731512620351634,1237657233845256370,5.53958108152646E-06,52.05278722,-0.16365971,1.598924,4.208427
587731512620351634,1237657233845256370,5.53958108152646E-06,52.05278722,-0.16365971,1.598924,4.208427
587731512620351634,1237657233845256370,5.53958108152646E-06,52.05278722,-0.16365971,1.598924,4.208427
587731512620351634,1237657233845256370,5.53958108152646E-06,52.05278722,-0.16365971,1.598924,4.208427
587731512620351634,1237657233845256370,5.53958108152646E-06,52.05278722,-0.16365971,1.598924,4.208427
587731514214776901,1237657235439681598,3.37846519483899E-06,15.10147358,1.22336013,1.396892,3.309115
587731514228080766,1237657235452985464,6.34993982450072E-07,45.51620007,1.18901422,1.199576,3.12337
587731514230964358,1237657235455869055,2.66717471845457E-06,52.01847186,1.11974152,1.142652,2.530075
587731514230964358,1237657235455869055,2.66717471845457E-06,52.01847186,1.11974152,1.142652,2.530075
587731514230964358,1237657235455869055,2.66717471845457E-06,52.01847186,1.11974152,1.142652,2.530075
587731679582355644,1237657400807260369,5.46731719189654E-06,135.3383101,42.12939062,3.461745,6.79578
587731869094117492,1237657590319022167,6.41279793798291E-05,167.91289933,53.62460067,1.234746,2.573711
587731869634986069,1237657590859890766,8.39317998111561E-05,183.50286979,55.28776289,2.751572,6.115141
587731872846119209,1237657594071023905,1.55783909987916E-06,115.21879609,27.7505614,1.185086,3.403124
587731872846709171,1237657594071613915,5.47937473594689E-06,116.19119122,28.71399377,1.661156,3.762408
587731873921630644,1237657595146535367,3.72701487160055E-06,117.27795545,31.42479429,1.747146,4.17485
587731885736001723,1237657606960906423,2.72495942764915E-06,124.49752966,36.6692999,1.149759,2.791928
587731885736001723,1237657606960906423,2.72495942764915E-06,124.49752966,36.6692999,1.149759,2.791928
587731885736001723,1237657606960906423,2.72495942764915E-06,124.49752966,36.6692999,1.149759,2.791928
587731885736001723,1237657606960906423,2.72495942764915E-06,124.49752966,36.6692999,1.149759,2.791928
587731885736001723,1237657606960906423,2.72495942764915E-06,124.49752966,36.6692999,1.149759,2.791928
587731886813282544,1237657608038187239,2.74202009806929E-06,131.10902297,42.98642119,2.187785,5.07122
587731887885713577,1237657609110618266,6.13328644981922E-06,127.51554031,41.41429193,1.744696,3.786289
587731890041061604,1237657611265966282,6.56550667504531E-05,179.13793576,56.90152099,1.525524,3.589874
587731891651936408,1237657612876841123,9.59281924676909E-05,180.06759477,58.14481761,1.587969,3.509899
587731892189462654,1237657613414367331,8.47801049055946E-05,182.84050287,58.63149492,1.86398,4.520117
587731892191690865,1237657613416595545,6.75734813834817E-05,192.56455798,58.47212093,2.900947,7.349869
587731892191690865,1237657613416595545,6.75734813834817E-05,192.56455798,58.47212093,2.900947,7.349869
587731913111240754,1237657634336145452,8.922446639918E-05,142.71008552,49.90066501,1.165276,2.977323
587731913111240754,1237657634336145452,8.922446639918E-05,142.71008552,49.90066501,1.165276,2.977323
587732053238546694,1237657774463451369,1.30777476948928E-05,123.31974516,30.95561061,1.662146,3.378982
587732053239398474,1237657774464303189,3.6389170687846E-06,124.97944236,32.26294211,1.595738,3.904727
587732054309273609,1237657775534178597,4.21803222178698E-07,117.15830349,26.54417651,1.813978,3.950625
587732134303039490,1237657855527944194,3.01640332695789E-05,152.0817677,46.57280719,1.458495,3.382238
587732134303039490,1237657855527944194,3.01640332695789E-05,152.0817677,46.57280719,1.458495,3.382238
587732152567529576,1237657873792434312,2.30781956801418E-05,141.4474576,40.54229928,2.175419,6.056806
587732482204827706,1237658203429732409,2.36904734606351E-05,158.1619959,45.71317392,1.224605,3.34726
587732482204827706,1237658203429732409,2.36904734606351E-05,158.1619959,45.71317392,1.224605,3.34726
587732482204827706,1237658203429732409,2.36904734606351E-05,158.1619959,45.71317392,1.224605,3.34726
587732482204827706,1237658203429732409,2.36904734606351E-05,158.1619959,45.71317392,1.224605,3.34726
587732482204827706,1237658203429732409,2.36904734606351E-05,158.1619959,45.71317392,1.224605,3.34726
587732483835494515,1237658205060399208,7.60738074966416E-06,224.05613079,43.03869109,1.124213,2.621803
587732484358864907,1237658205583769665,7.8693835343541E-05,179.55875294,50.50891672,1.4642,3.981425
587732484905042056,1237658206129946800,5.37886621631108E-06,212.10083612,47.82778071,1.856005,4.161805
587732578309701694,1237658299534606488,2.93746677913312E-06,159.84058383,6.95211029,1.215235,3.598525
587732578834055306,1237658300058960028,2.18203032248611E-06,131.09561899,4.92004255,1.34537,3.25151
587732578834055306,1237658300058960028,2.18203032248611E-06,131.09561899,4.92004255,1.34537,3.25151
587732578834055306,1237658300058960028,2.18203032248611E-06,131.09561899,4.92004255,1.34537,3.25151
587732578840543416,1237658300065448099,2.47381005724395E-06,145.91909926,6.44826859,1.519238,3.462908
587732582593658933,1237658303818563621,9.39127513616097E-05,171.4795172,59.55529337,1.348909,3.19827
587732582593658933,1237658303818563621,9.39127513616097E-05,171.4795172,59.55529337,1.348909,3.19827
587732582593658933,1237658303818563621,9.39127513616097E-05,171.4795172,59.55529337,1.348909,3.19827
587732590908866598,1237658311865336002,8.49789794078742E-05,175.83065472,59.57445202,2.446642,6.473704
587732590908866598,1237658311865336002,8.49789794078742E-05,175.83065472,59.57445202,2.446642,6.473704
587732701251829887,1237658422476734594,1.16230659172271E-06,152.38453438,5.42551116,2.612152,5.776483
587732702851432522,1237658424076337223,2.09281901622416E-06,127.0757881,4.29822132,1.194263,3.258335
587732702851432522,1237658424076337223,2.09281901622416E-06,127.0757881,4.29822132,1.194263,3.258335
587732702851432522,1237658424076337223,2.09281901622416E-06,127.0757881,4.29822132,1.194263,3.258335
587732702851432522,1237658424076337223,2.09281901622416E-06,127.0757881,4.29822132,1.194263,3.258335
587732772117610671,1237658493342515383,1.05463250782099E-05,155.41504317,9.34191683,1.892569,4.168319
587732772117610671,1237658493342515383,1.05463250782099E-05,155.41504317,9.34191683,1.892569,4.168319
587733079734943902,1237658800959848582,5.8890161906158E-05,168.16468323,53.12294221,2.982251,7.638466
587733080270831703,1237658801495736402,7.15157938529797E-05,164.30820796,52.91284281,1.432817,3.266989
587733080815763617,1237658802040668298,9.18878684594088E-05,195.57119411,54.737741,2.744171,5.390747
587733081345491000,1237658802570395728,5.52763676639899E-05,167.41447309,54.16866114,1.772501,3.988814
587733081345491000,1237658802570395728,5.52763676639899E-05,167.41447309,54.16866114,1.772501,3.988814
587733081345491000,1237658802570395728,5.52763676639899E-05,167.41447309,54.16866114,1.772501,3.988814
587733081345491000,1237658802570395728,5.52763676639899E-05,167.41447309,54.16866114,1.772501,3.988814
587733081354993766,1237658802579898447,9.82130723359314E-05,204.67064034,53.89850569,1.931584,5.262048
587733081891864689,1237658803116769361,7.83273594950931E-05,205.07701595,54.3791925,2.278561,5.148146
587733397566586920,1237659118791491692,5.63354457947659E-06,230.55956025,44.1559853,1.11271,2.635823
587733427623166059,1237659148848070843,6.60784847076962E-05,220.00906369,53.96018041,1.507342,4.162996
587733428699463814,1237659149924368515,6.79076503361282E-05,228.82725971,51.44736285,1.566041,3.539958
587733432457298161,1237659153682202903,8.14260908098234E-06,248.44945415,32.5510437,1.263136,3.169833
587733432457298161,1237659153682202903,8.14260908098234E-06,248.44945415,32.5510437,1.263136,3.169833
587733432457298161,1237659153682202903,8.14260908098234E-06,248.44945415,32.5510437,1.263136,3.169833
587733441055883709,1237659162280788414,2.25468196494633E-06,252.47496167,30.54228937,2.185361,4.450058
587733441589674365,1237659162814579027,1.11764349114232E-05,247.48415699,36.25477347,2.177481,5.122856
587733441589674365,1237659162814579027,1.11764349114232E-05,247.48415699,36.25477347,2.177481,5.122856
587734303805210914,1237660025030115584,7.74911876576447E-07,336.01351664,-0.72434558,1.2292,3.008316
587734303805210914,1237660025030115584,7.74911876576447E-07,336.01351664,-0.72434558,1.2292,3.008316
587734303805210914,1237660025030115584,7.74911876576447E-07,336.01351664,-0.72434558,1.2292,3.008316
587734303807570087,1237660025032474741,1.61597355715331E-05,341.31679429,-0.77711334,1.125319,2.937516
587734304339132644,1237660025564037199,1.03925397930309E-06,329.25389012,-0.24485411,1.625503,4.077909
587734304882884859,1237660026107789549,1.93004315436781E-06,345.0152999,0.14948735,1.358099,3.144863
587734304882884859,1237660026107789549,1.93004315436781E-06,345.0152999,0.14948735,1.358099,3.144863
587734304882884859,1237660026107789549,1.93004315436781E-06,345.0152999,0.14948735,1.358099,3.144863
587734621631152150,1237660342856056992,2.95052346440862E-06,129.68090222,30.94029372,1.655768,4.805533
587734893288161358,1237660614513066082,3.02342435073783E-06,175.68473598,10.10878052,2.014264,4.835805
587734893288161358,1237660614513066082,3.02342435073783E-06,175.68473598,10.10878052,2.014264,4.835805
587734894365900866,1237660615590805624,1.77934797784152E-05,185.09229057,11.15228816,2.425161,7.131318
587734948050436218,1237660669275340913,5.54627828002494E-06,142.04114027,8.44680769,1.335962,2.938828
587735239569309828,1237660960794214597,1.43830906949273E-05,144.01178167,36.00078801,1.650642,3.740602
587735239569309828,1237660960794214597,1.43830906949273E-05,144.01178167,36.00078801,1.650642,3.740602
587735239569309828,1237660960794214597,1.43830906949273E-05,144.01178167,36.00078801,1.650642,3.740602
587735343185854655,1237661064410759348,1.20400201557417E-05,137.0260648,7.8595088,3.73825,8.425013
587735343187230836,1237661064412135540,1.66199635604583E-05,140.16420762,8.36943125,1.788836,3.778766
587735343190442016,1237661064415346722,8.93966499713785E-06,147.47852978,9.5427377,0.7692382,1.787371
587735343190442016,1237661064415346722,8.93966499713785E-06,147.47852978,9.5427377,0.7692382,1.787371
587735343190442016,1237661064415346722,8.93966499713785E-06,147.47852978,9.5427377,0.7692382,1.787371
587735346963021934,1237661068187926643,5.29783775784549E-06,181.42663384,13.86152336,1.73137,4.01136
587735661014614214,1237661382239518877,6.23340632419E-06,156.57152037,38.01259783,1.408221,3.11363
587735662625947742,1237661383850852402,5.30915830517448E-06,158.12183325,39.71310389,1.537894,3.565783
587735666927468810,1237661388152373532,1.50657013455654E-06,243.59825237,40.27472275,1.15962,2.806342
587735666929500308,1237661388154404985,8.92693130914472E-06,247.72209997,36.8953179,1.011616,2.857813
587735667452805142,1237661388677709894,6.40271783634512E-05,211.02550766,55.92860182,1.221002,2.875982
587735694841610284,1237661416066515070,5.56337883593917E-05,217.3738073,51.741787,1.46337,3.601817
587735696982081624,1237661418206986329,6.8897855255136E-05,191.13535361,57.85718826,1.403797,2.992431
587736477596319883,1237662198821224572,2.97976033727773E-06,229.34603519,8.72810627,2.250836,4.924549
587736479199658069,1237662200424562759,3.99865992815069E-06,212.86532261,12.02140685,0.9030226,2.194585
587736479199658069,1237662200424562759,3.99865992815069E-06,212.86532261,12.02140685,0.9030226,2.194585
587736479199658069,1237662200424562759,3.99865992815069E-06,212.86532261,12.02140685,0.9030226,2.194585
587736523762106574,1237662244987011268,6.89917503680243E-06,213.70353465,5.67199588,1.667567,3.844048
587736525371736210,1237662246596640886,5.42465748861258E-06,211.43763869,7.06979804,1.370111,3.217268
587736525371736210,1237662246596640886,5.42465748861258E-06,211.43763869,7.06979804,1.370111,3.217268
587736525372194848,1237662246597099644,9.379300015396E-07,212.48076987,6.90377152,1.163103,3.256074
587736525910769824,1237662247135674578,3.38845979935815E-06,216.44321538,7.12846791,1.22854,2.67127
587736542026203488,1237662263251108144,1.79336316250777E-05,233.40351612,6.25510301,2.377788,5.891166
587736543100272840,1237662264325177767,5.96645551136253E-06,234.27279054,7.12101139,1.082483,2.589442
587736543100272840,1237662264325177767,5.96645551136253E-06,234.27279054,7.12101139,1.082483,2.589442
587736543100272840,1237662264325177767,5.96645551136253E-06,234.27279054,7.12101139,1.082483,2.589442
587736543100469624,1237662264325374315,5.13224709254382E-06,234.68662264,6.97478565,0.8473488,2.189099
587736547389931847,1237662268614836471,3.97009269645373E-06,236.78075108,5.30999175,1.667369,4.462178
587736584434155686,1237662305659060371,6.81546853091271E-07,230.87526397,31.62942093,1.097736,3.042585
587736584970699129,1237662306195603814,2.70622755030345E-06,230.43337179,32.27952795,2.909185,7.248939
587736585513271492,1237662306738176158,1.25361594060951E-05,243.27179743,25.86801175,1.330284,3.245997
587736585513271492,1237662306738176158,1.25361594060951E-05,243.27179743,25.86801175,1.330284,3.245997
587736618790551565,1237662340015456268,1.1021391728106E-05,245.51932286,23.64510334,2.357596,5.150874
587736751935193384,1237662473160098054,1.00714070881546E-05,248.4184603,27.12041614,3.165957,7.140066
587736783073837347,1237662504298742005,4.31996021279428E-06,249.48633067,27.71840703,2.505366,6.111137
587736783073837347,1237662504298742005,4.31996021279428E-06,249.48633067,27.71840703,2.505366,6.111137
587736783073837347,1237662504298742005,4.31996021279428E-06,249.48633067,27.71840703,2.505366,6.111137
587736783605399703,1237662504830304375,1.06436331119283E-05,238.91279841,35.90387948,1.554715,3.155688
587736783605399703,1237662504830304375,1.06436331119283E-05,238.91279841,35.90387948,1.554715,3.155688
587736812596625449,1237662533821530222,8.62967965310726E-06,233.12029688,9.80582298,1.90508,4.862367
587736813135331624,1237662534360236333,3.33174429328123E-06,237.44231034,9.38122188,2.173196,4.482677
587736915687702726,1237662636912607489,4.28093153557473E-06,240.62870179,8.5412075,1.422396,3.727652
587737809029496931,1237663530254401644,3.55792856980137E-06,115.82437665,43.49783615,1.857276,4.085308
587737809029496931,1237663530254401644,3.55792856980137E-06,115.82437665,43.49783615,1.857276,4.085308
587737809029496931,1237663530254401644,3.55792856980137E-06,115.82437665,43.49783615,1.857276,4.085308
587737809029496931,1237663530254401644,3.55792856980137E-06,115.82437665,43.49783615,1.857276,4.085308
587737809571676343,1237663530796581101,6.49848209410393E-05,124.79516961,54.11719036,1.786437,4.169522
587737809571676343,1237663530796581101,6.49848209410393E-05,124.79516961,54.11719036,1.786437,4.169522
587737825670201773,1237663546895106482,6.27022966500027E-06,112.61132138,38.71419144,2.076034,4.722683
587737825682849859,1237663546907754551,0.00011951711535385,140.14812165,62.22576453,1.125492,2.789841
587737825682849859,1237663546907754551,0.00011951711535385,140.14812165,62.22576453,1.125492,2.789841
587737825682849859,1237663546907754551,0.00011951711535385,140.14812165,62.22576453,1.125492,2.789841
587737825682849859,1237663546907754551,0.00011951711535385,140.14812165,62.22576453,1.125492,2.789841
587737933044908391,1237663654269813097,3.60975812327236E-06,112.19172546,41.5478854,2.046812,4.612328
587738066188042545,1237663787412947307,4.211085598151E-06,111.49089919,40.71701186,2.053009,6.335888
587738195573670166,1237663916798574897,1.32909922231884E-05,112.86820616,43.66172848,2.200979,5.22497
587738568173879302,1237664289398784009,6.63617444364614E-06,201.90897761,13.41236426,0.9884915,2.693871
587738568173879302,1237664289398784009,6.63617444364614E-06,201.90897761,13.41236426,0.9884915,2.693871
587738568173879302,1237664289398784009,6.63617444364614E-06,201.90897761,13.41236426,0.9884915,2.693871
587738568705966263,1237664289930870952,8.70780837767163E-06,190.80665568,14.3826767,2.179264,5.195916
587738568705966263,1237664289930870952,8.70780837767163E-06,190.80665568,14.3826767,2.179264,5.195916
587738568705966263,1237664289930870952,8.70780837767163E-06,190.80665568,14.3826767,2.179264,5.195916
587738569249587348,1237664290474492025,3.31790672352578E-06,206.60831167,13.78972188,1.710118,3.664688
587738570323853377,1237664291548758207,1.74069939973169E-06,207.97874932,14.64982543,1.754749,3.705824
587738574072512544,1237664295297417251,3.81185271433762E-06,205.67501165,38.41839663,1.216831,2.978581
587738574072512544,1237664295297417251,3.81185271433762E-06,205.67501165,38.41839663,1.216831,2.978581
587738574609973544,1237664295834878231,4.18367703339446E-06,207.63439838,38.58241157,2.678372,5.722328
587738615416422512,1237664336641327281,1.48580752510174E-05,173.89748918,35.80906737,2.528236,5.001239
587738947218505822,1237664668443410543,8.21234967335109E-06,178.59787426,39.71083894,1.34719,3.06108
587738947739451439,1237664668964356237,7.04507474334523E-06,135.88435455,29.0260922,1.285916,3.2693
587738947742531730,1237664668967436441,1.432652253004E-05,143.15396778,32.39881944,1.884658,4.61617
587738947742531730,1237664668967436441,1.432652253004E-05,143.15396778,32.39881944,1.884658,4.61617
587738947742531730,1237664668967436441,1.432652253004E-05,143.15396778,32.39881944,1.884658,4.61617
587738947749609551,1237664668974514247,7.8008355330663E-06,161.61743536,37.99242408,1.337355,3.236003
587738950418759798,1237664671643664523,3.32546470088496E-06,199.43669972,35.54457334,1.994762,5.068023
587738950418759798,1237664671643664523,3.32546470088496E-06,199.43669972,35.54457334,1.994762,5.068023
587738951497089165,1237664672721993891,6.28618877368429E-06,212.17221366,34.09584469,1.572661,3.244591
587738952030027937,1237664673254932662,4.50051603594469E-06,201.62407485,36.35190422,1.317311,3.551082
587738952030027937,1237664673254932662,4.50051603594469E-06,201.62407485,36.35190422,1.317311,3.551082
587739096994742360,1237664818219647055,6.15030481016793E-06,199.70451069,36.08093073,3.340213,8.767303
587739098069008499,1237664819293913181,4.53509444474634E-06,201.33719668,36.6602334,1.896367,4.911277
587739133493969058,1237664854718873760,1.85081429459576E-05,218.40634361,33.80377233,6.024743,16.03266
587739133493969058,1237664854718873760,1.85081429459576E-05,218.40634361,33.80377233,6.024743,16.03266
587739152816406654,1237664874041311355,1.97861018725429E-06,120.30109676,17.63003054,1.588537,4.007882
587739157657944218,1237664878882848899,9.66228963336868E-06,159.24874289,34.54688603,2.097453,6.289157
587739158184329455,1237664879409234146,4.45934581993664E-06,133.39407684,25.77011165,2.403778,6.739298
587739294013784146,1237665015238688860,2.24936797502986E-06,165.23395133,32.42250982,1.602658,3.645698
587739294550851627,1237665015775756318,5.90150759847007E-06,165.48371964,32.97475005,2.15541,5.611388
587739303687684249,1237665024912588949,3.00521752753505E-05,205.6794108,33.14104859,1.53479,2.919376
587739304216363160,1237665025441267860,1.80983367726972E-06,183.10107366,35.33892934,1.489081,3.426512
587739304760180913,1237665025985085670,8.39659962172176E-06,202.4774341,34.4617684,1.413619,2.890141
587739377235263669,1237665098460168358,4.44655949960216E-06,134.68070662,24.41459358,2.633156,5.667516
587739377239720059,1237665098464624767,7.89944840176262E-06,145.04514093,28.57229026,0.7660696,1.882789
587739379910377596,1237665101135282353,1.07312156796287E-05,208.94650279,31.55085848,2.217832,5.951393
587739379910377596,1237665101135282353,1.07312156796287E-05,208.94650279,31.55085848,2.217832,5.951393
587739379915686019,1237665101140590752,5.14957181167185E-06,222.28812883,28.01644216,2.030784,4.91475
587739380452360390,1237665101677265100,1.32751600621905E-06,222.12314565,28.68632429,1.560014,4.47373
587739380452360390,1237665101677265100,1.32751600621905E-06,222.12314565,28.68632429,1.560014,4.47373
587739380455047185,1237665101679951977,4.83392166734978E-06,228.36928149,26.30744874,1.776176,5.538134
587739380455047185,1237665101679951977,4.83392166734978E-06,228.36928149,26.30744874,1.776176,5.538134
587739382064611490,1237665103289516165,3.0513566731277E-06,226.43585566,28.45064317,1.877884,3.687634
587739386353090831,1237665107577995478,8.86558592282447E-06,244.73969089,20.25866554,2.144719,4.408869
587739405700694125,1237665126925598820,6.80900541732433E-06,163.99424191,32.09570977,1.43006,3.27624
587739405701283947,1237665126926188640,2.62025880311486E-06,165.55855142,32.25269231,1.49423,3.298852
587739405701283947,1237665126926188640,2.62025880311486E-06,165.55855142,32.25269231,1.49423,3.298852
587739406265811249,1237665127490715968,1.63519607873944E-06,237.14415438,22.35381807,1.43703,3.923615
587739406265811249,1237665127490715968,1.63519607873944E-06,237.14415438,22.35381807,1.43703,3.923615
587739406796128353,1237665128021033040,2.50462723117185E-06,222.07925166,28.76490743,1.47341,3.468678
587739407330836568,1237665128555741269,2.89954865632098E-06,216.76676935,30.83423571,1.944823,4.179084
587739407330836568,1237665128555741269,2.89954865632098E-06,216.76676935,30.83423571,1.944823,4.179084
587739407342960956,1237665128567865675,1.48495980446132E-06,244.86637581,19.43850595,2.247608,5.976705
587739408400515175,1237665129625419881,7.05188311305247E-06,206.4292835,34.11783927,1.878358,4.504634
587739408400515175,1237665129625419881,7.05188311305247E-06,206.4292835,34.11783927,1.878358,4.504634
587739457225228447,1237665178450133179,6.70639375843845E-06,220.92722721,26.28510989,1.405923,3.672208
587739505009819697,1237665226234724401,2.44878648625915E-06,193.11617002,31.71307478,0.8628107,2.077376
587739505009819697,1237665226234724401,2.44878648625915E-06,193.11617002,31.71307478,0.8628107,2.077376
587739505009819697,1237665226234724401,2.44878648625915E-06,193.11617002,31.71307478,0.8628107,2.077376
587739509834711155,1237665231059616117,6.76825363328746E-06,245.39498575,18.72613146,1.424248,3.074347
587739509834776960,1237665231059681638,4.689626375432E-06,245.51990792,18.71413509,1.979828,4.020186
587739608094277773,1237665329319182473,6.34819389074308E-06,194.83288735,31.31614174,1.784465,5.097103
587739608623480908,1237665329848385610,6.92332014355843E-06,174.33187673,31.76776778,2.222551,4.97422
587739609700237386,1237665330925142138,8.0216904776183E-06,182.3187169,33.0550122,1.886012,3.977543
587739609701417107,1237665330926321839,1.56521279788916E-05,185.63455895,33.04347841,3.204127,6.786672
587739609701417107,1237665330926321839,1.56521279788916E-05,185.63455895,33.04347841,3.204127,6.786672
587739610242613382,1237665331467518088,1.93227203453266E-05,197.46220652,32.85692634,1.421274,2.925472
587739630097334473,1237665351322239190,5.95796568239686E-06,228.53590469,24.39655792,1.959426,3.812927
587739630633812088,1237665351858716763,3.86835837774655E-06,227.8170838,25.26283117,3.249367,7.024395
587739631705456690,1237665352930361389,4.25049276798553E-06,223.14321219,27.58290526,1.486753,3.388422
587739647274188937,1237665368499093646,9.65946180627987E-06,147.64038803,26.84476105,1.448815,4.338125
587739647274188937,1237665368499093646,9.65946180627987E-06,147.64038803,26.84476105,1.448815,4.338125
587739647274188937,1237665368499093646,9.65946180627987E-06,147.64038803,26.84476105,1.448815,4.338125
587739647274778821,1237665368499683562,4.37423944255568E-06,149.06932916,27.148952,1.848576,4.989663
587739647818924056,1237665369043828761,9.91452051080554E-06,167.50908064,31.50041729,1.348058,3.007434
587739652645191882,1237665373870096406,6.52163931763874E-06,239.82923717,20.74649937,1.665907,3.795255
587739652645191882,1237665373870096406,6.52163931763874E-06,239.82923717,20.74649937,1.665907,3.795255
587739706334511173,1237665427559415857,7.15568263433543E-06,211.33802869,26.38984644,1.698991,5.270526
587739706334511173,1237665427559415857,7.15568263433543E-06,211.33802869,26.38984644,1.698991,5.270526
587739707950366866,1237665429175271557,4.61924111367567E-06,224.51377522,24.25107991,1.861042,4.4115
587739707952857206,1237665429177761893,4.52812572964248E-06,230.36529707,22.47217771,1.714373,3.578101
587739708480290909,1237665429705195610,1.33488787823406E-06,207.45629768,28.83256178,1.966158,5.103372
587739719216070720,1237665440440975421,1.36315744219687E-06,192.04127793,28.64811318,1.836836,4.078325
587739719216070720,1237665440440975421,1.36315744219687E-06,192.04127793,28.64811318,1.836836,4.078325
587739720303116413,1237665441528021120,2.90404779225035E-06,225.51101965,23.42189146,2.531765,6.151406
587739720838480070,1237665442063384755,6.30341418306011E-06,222.05343166,24.84101164,2.055218,5.490629
587739721091907694,1237665442048376933,3.332529396795E-06,183.59966678,30.08212775,1.573355,4.578526
587739721091907694,1237665442048376933,3.332529396795E-06,183.59966678,30.08212775,1.573355,4.578526
587739721091907694,1237665442048376933,3.332529396795E-06,183.59966678,30.08212775,1.573355,4.578526
587739721913270419,1237665443138175119,1.87928230556238E-06,224.74949117,24.89303578,2.227491,5.253604
587739811565404212,1237665532790309042,9.85437739249706E-06,225.47034795,22.46116809,1.315181,3.363484
587739814780993752,1237665536005898412,2.08568727606284E-06,242.4928302,18.71763923,2.227576,6.245234
587739814781452645,1237665536006357347,6.2450723685857E-06,243.60450582,18.29033608,1.89251,4.397437
587739827130400790,1237665548355305595,3.92215449446363E-06,220.71437842,22.06526809,1.280184,3.974495
587739827130400790,1237665548355305595,3.92215449446363E-06,220.71437842,22.06526809,1.280184,3.974495
587741391572500732,1237667112797405246,4.84530030699311E-06,143.96946332,25.84564994,3.357605,7.248861
587741421096861831,1237667142321766846,8.79892011583804E-07,121.64227734,15.77168068,1.377224,3.57879
587741421096861831,1237667142321766846,8.79892011583804E-07,121.64227734,15.77168068,1.377224,3.57879
587741421096861831,1237667142321766846,8.79892011583804E-07,121.64227734,15.77168068,1.377224,3.57879
587741421096861831,1237667142321766846,8.79892011583804E-07,121.64227734,15.77168068,1.377224,3.57879
587741488764026980,1237667209988931655,7.40199036839712E-06,175.54421775,28.58925965,1.982971,3.999909
587741488764944447,1237667209989849155,3.06431930162132E-06,178.02473578,28.68126572,0.795476,1.992921
587741488764944447,1237667209989849155,3.06431930162132E-06,178.02473578,28.68126572,0.795476,1.992921
587741488764944447,1237667209989849155,3.06431930162132E-06,178.02473578,28.68126572,0.795476,1.992921
587741488764944447,1237667209989849155,3.06431930162132E-06,178.02473578,28.68126572,0.795476,1.992921
587741489819025478,1237667211043930180,4.06730714858309E-06,130.11099075,17.9302202,1.083074,2.852885
587741490374443156,1237667211599347857,2.51880288308747E-06,174.95485729,29.81086005,1.332554,3.302292
587741490374443156,1237667211599347857,2.51880288308747E-06,174.95485729,29.81086005,1.332554,3.302292
587741490913214545,1237667212138119239,1.85900465023885E-05,179.86593474,30.32759413,2.842592,6.021908
587741490913214545,1237667212138119239,1.85900465023885E-05,179.86593474,30.32759413,2.842592,6.021908
587741491449167909,1237667212674072602,6.62761945606417E-06,177.40948466,30.75299056,0.7640941,1.742507
587741491449167909,1237667212674072602,6.62761945606417E-06,177.40948466,30.75299056,0.7640941,1.742507
587741491449167909,1237667212674072602,6.62761945606417E-06,177.40948466,30.75299056,0.7640941,1.742507
587741532230123792,1237667253455028490,1.80265348945748E-06,126.76228386,16.37132228,1.645203,3.733474
587741532768043128,1237667253992947809,4.77411395409342E-06,128.94561753,17.66504226,2.505962,6.58606
587741532771582107,1237667253996486837,5.29633795394414E-06,136.74778728,20.80278191,1.326651,2.405298
587741532771582107,1237667253996486837,5.29633795394414E-06,136.74778728,20.80278191,1.326651,2.405298
587741533303079169,1237667254527983869,4.17524164445448E-06,124.65604764,16.35864569,2.072009,4.413399
587741533303079169,1237667254527983869,4.17524164445448E-06,124.65604764,16.35864569,2.072009,4.413399
587741600419151994,1237667321644056687,4.71613057994197E-06,179.0349761,26.23163179,2.176556,5.857616
587741600953139202,1237667322178043978,3.5783119061348E-06,171.6305107,26.04984257,1.572828,4.164504
587741600953139202,1237667322178043978,3.5783119061348E-06,171.6305107,26.04984257,1.572828,4.164504
587741602022424682,1237667323247329370,1.59976610594993E-06,160.29933907,25.43712633,2.673349,5.527833
587741602023211164,1237667323248115898,6.72907328644162E-06,162.37565148,25.71713968,1.853829,4.298312
587741708342919173,1237667429567823877,7.51347499792937E-06,167.05751948,25.89887847,0.7960566,1.895134
587741708342919173,1237667429567823877,7.51347499792937E-06,167.05751948,25.89887847,0.7960566,1.895134
587741708342919173,1237667429567823877,7.51347499792937E-06,167.05751948,25.89887847,0.7960566,1.895134
587741708346327250,1237667429571231976,7.73687194760779E-06,175.78133459,26.58409628,2.673245,5.438841
587741709410369710,1237667430635274412,1.92024569725277E-06,151.3929567,23.65901619,2.344061,5.110778
587741722282754181,1237667443507659044,5.16645803871637E-06,184.17401284,27.84504021,1.858318,4.591258
587741726048976986,1237667447273881681,3.46464625098903E-06,202.97390618,23.89251887,0.8169056,2.188429
587741726576476383,1237667447801381170,6.20804668136605E-06,179.43815843,25.12999428,1.70712,3.871825
587741726578114669,1237667447803019352,1.7867828007625E-06,183.50480054,25.22703758,2.882813,6.211712
587741726587486372,1237667447812391048,6.12251774059667E-06,206.98601543,23.719749,1.43201,3.185733
587741727112364293,1237667448337269033,1.07037414803304E-06,176.92730076,25.59036604,3.338952,7.164754
587741727112364293,1237667448337269033,1.07037414803304E-06,176.92730076,25.59036604,3.338952,7.164754
587741727113674892,1237667448338579574,6.0502655041779E-06,180.18830583,25.6270017,1.702766,3.820863
587741727113674892,1237667448338579574,6.0502655041779E-06,180.18830583,25.6270017,1.702766,3.820863
587741727653363718,1237667448878268490,6.34926888722864E-06,187.27559178,26.22955105,0.8902737,2.039083
587741815712186557,1237667536937091240,2.90487959440908E-06,158.58312182,21.93847742,2.626941,7.291101
587741816234967394,1237667537459872111,1.69610046617386E-06,126.03115878,13.09385074,1.546159,3.616716
587741816783962136,1237667538008866895,1.97886863890172E-06,153.54837819,21.88642123,0.6631504,1.617545
587741817861701666,1237667539086606365,2.16388771357976E-06,163.20707863,24.47280656,1.395285,3.370659
587741829116657901,1237667550341562555,6.3893375919273E-06,156.17459897,22.10700811,1.482144,3.353284
587742012733915233,1237667733958819949,4.84460115986579E-06,153.07843489,18.37802098,2.141293,5.460007
587742012733915233,1237667733958819949,4.84460115986579E-06,153.07843489,18.37802098,2.141293,5.460007
587742012741976204,1237667733966880929,2.35322418363355E-06,172.44263676,21.07648409,2.0763,5.60158
587742012741976204,1237667733966880929,2.35322418363355E-06,172.44263676,21.07648409,2.0763,5.60158
587742012766355818,1237667733991260554,7.40664065236667E-06,231.09883064,15.12352288,2.546935,5.263791
587742013270196366,1237667734495101068,7.11100025030553E-06,151.55426962,18.52070979,2.867983,6.729606
587742013270196366,1237667734495101068,7.11100025030553E-06,151.55426962,18.52070979,2.867983,6.729606
587742013808312448,1237667735033217153,1.01323103080746E-05,154.53636968,19.53165518,1.482745,3.424568
587742013808312448,1237667735033217153,1.01323103080746E-05,154.53636968,19.53165518,1.482745,3.424568
587742060523880567,1237667781748785345,1.01812202289847E-05,155.35027613,18.9640443,1.153348,3.319436
587742060531941491,1237667781756846180,1.8530209915587E-06,174.74893448,21.38773916,2.423167,4.699139
587742060532203658,1237667781757108367,5.45317590320417E-06,175.40674183,21.46336107,1.390571,3.610264
587742060552323287,1237667781777227972,3.6594004327474E-06,223.97877061,17.00916744,1.543586,5.247459
587742061059637470,1237667782284542203,4.73041744578775E-06,152.63779384,18.85830134,2.259366,5.997863
587742061059637470,1237667782284542203,4.73041744578775E-06,152.63779384,18.85830134,2.259366,5.997863
587742061073268866,1237667782298173575,3.06536890812225E-06,185.79403092,22.0901152,2.879518,5.793532
587742061624295702,1237667782849200362,2.48352017088594E-06,220.18939835,18.81568701,4.122653,7.854826
587742061624295702,1237667782849200362,2.48352017088594E-06,220.18939835,18.81568701,4.122653,7.854826
587742062670971037,1237667783895875707,5.51758874997976E-06,153.96117305,20.51703229,2.624699,5.52565
587742062675034221,1237667783899938938,5.14719283880164E-05,163.88685466,21.97418057,2.703718,5.833309
587742191514878136,1237667912739782896,3.16198171268069E-06,182.64999315,26.0193053,2.143463,4.843064
587742191514878136,1237667912739782896,3.16198171268069E-06,182.64999315,26.0193053,2.143463,4.843064
587742191519465478,1237667912744370270,1.39923114857683E-06,194.15197137,25.56618569,0.80424,2.135823
587742551756505208,1237668272981410069,3.94561229767841E-06,224.35488,16.52623104,2.285863,6.022144
587742575367487532,1237668296592392280,7.07010228268289E-06,182.37831663,18.80585061,0.8666721,2.073304
587742575908552870,1237668297133457548,2.12112670509994E-06,192.5199261,19.08321362,1.69173,3.928246
587742575908618355,1237668297133523050,1.0508966370803E-06,192.657634,19.01204739,3.204429,9.809937
587742575921266911,1237668297146171603,7.47043210570767E-06,222.75801621,15.36477975,1.864621,4.574059
587742576979148877,1237668298204053583,3.68893010425784E-06,184.86624007,20.02876232,1.455264,4.461786
587742576988913695,1237668298213818524,5.91542500391049E-06,208.54093983,18.63841577,0.6996795,1.568222
587742576994877557,1237668298219782256,1.3156326138622E-05,222.62691837,16.24112809,1.854729,5.046367
587742577532469326,1237668298757373979,1.51503034630533E-05,224.307572,16.32661926,1.88618,4.309377
587742578072354949,1237668299297259683,3.72952253418437E-06,231.43871753,14.95834938,1.637773,3.823494
587742578072354949,1237668299297259683,3.72952253418437E-06,231.43871753,14.95834938,1.637773,3.823494
587742590403608589,1237668311628513544,2.4996519727531E-06,237.98830226,12.98705486,0.8979735,2.073832
587742609727225967,1237668330952130656,1.01748992285952E-05,215.13011708,14.30621747,2.526277,5.079664
587742611878314206,1237668333103218878,3.64840225192702E-06,223.81560746,14.53802715,2.253602,5.333745
587742615099736352,1237668336324641019,7.25495137044502E-06,242.544396,13.70587678,1.502403,4.346763
587742628524982485,1237668349749887202,6.59018308059163E-06,222.78243569,14.1411082,3.601043,9.534896
587742628524982485,1237668349749887202,6.59018308059163E-06,222.78243569,14.1411082,3.601043,9.534896
587742774553215103,1237668495778119850,2.78004474913544E-06,167.03404873,16.82517042,1.987357,4.182697
587742889972924639,1237668611197829323,6.73080930808576E-05,245.05603078,50.07392177,2.18075,4.431133
587744727150690537,1237670448375595267,4.71552708089935E-06,138.98286115,15.1148772,2.070099,5.566811
587744728760254665,1237670449985159362,3.62519282696674E-06,136.1682044,15.60034121,3.560509,7.841615
587744874249977914,1237670595474882891,7.00325909726519E-06,125.2178827,10.18787415,1.338021,3.708421
587745243615265232,1237670964840169951,1.05582386372786E-05,121.09452509,8.70858337,2.293887,5.276239
587745243618017633,1237670964842922313,6.96591430974842E-06,127.23337022,10.71019357,2.29374,5.916233
587745244167340245,1237670965392244943,2.37087259894759E-06,155.67436563,17.77647423,2.811018,5.767121
587745244167340245,1237670965392244943,2.37087259894759E-06,155.67436563,17.77647423,2.811018,5.767121
587745244692086964,1237670965916991733,1.27423463407237E-05,127.64042762,11.68306476,2.04561,5.754873
587745244702703767,1237670965927608459,1.75495718984057E-05,152.03404657,17.56068555,2.153699,5.850261
587745402529841727,1237671123754746562,1.75553024809677E-06,121.91948798,7.71973005,3.209581,7.516556
587745402531676455,1237671123756581184,1.27819819014001E-05,126.04170827,8.89720145,1.74544,3.735894
587745403615903785,1237671124840808493,2.90007257062784E-06,149.70571754,14.95740404,1.617267,4.197246
587745404153888829,1237671125378793632,6.49869128542285E-06,152.2203589,15.78450687,1.265584,2.95817
587745404153888829,1237671125378793632,6.49869128542285E-06,152.2203589,15.78450687,1.265584,2.95817
587745404153888829,1237671125378793632,6.49869128542285E-06,152.2203589,15.78450687,1.265584,2.95817
587745539970826661,1237671261195731388,2.25801911460971E-06,126.73591475,9.30598723,1.918471,3.856274
587746214820642894,1237671936045547599,2.17392171165634E-06,260.37145723,32.17104573,2.09084,4.910634
587748930312077400,1237674651536982092,2.88892732265103E-06,174.63818668,0.84600496,1.961035,5.001975
587748930312077400,1237674651536982092,2.88892732265103E-06,174.63818668,0.84600496,1.961035,5.001975
588007003625881781,1237651249874075904,7.31607990008613E-05,129.58881295,49.10911762,1.921624,4.216117
588007004168585328,1237651250416779369,9.45794562218438E-05,145.94533002,58.26949827,1.963775,4.454801
588007004183920891,1237651250432114947,3.10850028538382E-05,218.10198229,60.19617354,1.211485,2.460659
588007004183920891,1237651250432114947,3.10850028538382E-05,218.10198229,60.19617354,1.211485,2.460659
588007004183920891,1237651250432114947,3.10850028538382E-05,218.10198229,60.19617354,1.211485,2.460659
588007004196897134,1237651250445091197,1.36438619056028E-05,251.87992808,39.29128471,2.068098,6.02679
588007004700803098,1237651250948997145,3.09675251139725E-05,131.30608103,51.67134412,1.570332,4.990572
588007005256679650,1237651251504873671,5.10182462996773E-05,214.88288186,61.97987022,2.12341,4.752731
588007005270639119,1237651251518833149,4.58517113146868E-05,252.82880055,39.71346962,2.044782,4.796416
588009365864120366,1237653612112314399,0.000111517067209688,144.55622731,54.47364031,1.104859,2.477051
588009365864120366,1237653612112314399,0.000111517067209688,144.55622731,54.47364031,1.104859,2.477051
588009365864120366,1237653612112314399,0.000111517067209688,144.55622731,54.47364031,1.104859,2.477051
588010358538698798,1237654604786892847,8.40642815880515E-06,155.58907828,3.90436365,1.38757,3.187072
588010359068426439,1237654605316620458,6.16199451877422E-06,139.21774788,3.29016839,1.931916,4.479034
588010360156913782,1237654606405107834,5.12751714719785E-07,172.92796638,5.58995563,2.49738,5.781813
588010879301845004,1237655125550039053,3.42827759795755E-06,193.44675886,5.13684911,1.074382,2.764401
588010879301845004,1237655125550039053,3.42827759795755E-06,193.44675886,5.13684911,1.074382,2.764401
588010879301845004,1237655125550039053,3.42827759795755E-06,193.44675886,5.13684911,1.074382,2.764401
588010880369361006,1237655126617555052,3.61040988891021E-06,179.14416732,5.84959743,1.826967,4.618274
588011099408826508,1237655345657020540,8.77420613745784E-05,164.14149925,62.12392512,2.014231,4.250224
588011101035495538,1237655347283689702,7.57499479888491E-06,243.39334379,43.78439913,1.861481,5.02345
588011122510528599,1237655368758722631,8.84312798205069E-05,218.05927266,57.14013919,1.786686,4.416089
588011123577454710,1237655369825648778,9.97943617994658E-05,188.3611128,62.41271472,2.280559,5.881505
588011124115898428,1237655370364092501,9.33892654469214E-05,196.19006619,62.40577942,2.027889,5.819627
588011124115898428,1237655370364092501,9.33892654469214E-05,196.19006619,62.40577942,2.027889,5.819627
588011124115898428,1237655370364092501,9.33892654469214E-05,196.19006619,62.40577942,2.027889,5.819627
588011125194424452,1237655371442618522,2.15862254914691E-05,218.13973037,59.45375217,2.323843,5.919734
588011125194424452,1237655371442618522,2.15862254914691E-05,218.13973037,59.45375217,2.323843,5.919734
588011216988209167,1237655463236403216,2.77431720183487E-05,205.89331531,59.70857687,0.9037804,2.203712
588011218602492009,1237655464850686040,8.11598528591312E-05,221.46412618,57.26191119,3.022438,6.728247
588011219142508723,1237655465390702784,0.00010618542968738,232.23358341,53.29474971,1.592524,3.804263
588013381665357930,1237657627913551984,7.39020055182738E-05,166.90743166,49.9400625,4.60975,9.151016
588013381665357930,1237657627913551984,7.39020055182738E-05,166.90743166,49.9400625,4.60975,9.151016
588013381672042538,1237657627920236591,9.41113533601856E-05,191.05244081,51.20371164,4.459339,9.072004
588013381672042538,1237657627920236591,9.41113533601856E-05,191.05244081,51.20371164,4.459339,9.072004
588013382210027624,1237657628458221651,6.07471508803233E-05,194.99583899,51.32948317,1.77819,5.1164
588013383257817561,1237657629506011622,9.81976638112381E-07,119.66004749,28.56718762,1.569983,4.074306
588013383814676648,1237657630062870684,7.45801468724838E-05,172.98579925,52.42763811,2.063061,4.947581
588013384338898976,1237657630587093146,7.93992441236244E-06,133.87396496,40.51350743,2.841167,6.30513
588013384338898976,1237657630587093146,7.93992441236244E-06,133.87396496,40.51350743,2.841167,6.30513
588015508211368054,1237659754459562088,5.34650067211489E-06,35.99639961,-0.73373771,2.080908,4.527824
588015508753612950,1237659755001807083,4.96138417516885E-06,48.23327117,-0.23333681,2.114816,4.297278
588015509273378878,1237659755521572992,7.19885990021305E-06,9.21008066,0.03389411,1.571837,3.729368
588015509273378878,1237659755521572992,7.19885990021305E-06,9.21008066,0.03389411,1.571837,3.729368
588015509277704289,1237659755525898325,5.93265633556088E-06,18.9825464,0.07853957,1.799649,3.948826
588015509278687355,1237659755526881395,6.84910752595212E-06,21.28967948,0.07319354,1.34176,3.164356
588015509282750632,1237659755530944668,2.14413120260519E-06,30.5243836,0.13456952,0.9043312,2.395001
588015509282750632,1237659755530944668,2.14413120260519E-06,30.5243836,0.13456952,0.9043312,2.395001
588015509282750632,1237659755530944668,2.14413120260519E-06,30.5243836,0.13456952,0.9043312,2.395001
588015509284847770,1237659755533041790,1.90166476966828E-06,35.39401997,0.15433336,1.566489,4.467982
588015509284847770,1237659755533041790,1.90166476966828E-06,35.39401997,0.15433336,1.566489,4.467982
588015509284847770,1237659755533041790,1.90166476966828E-06,35.39401997,0.15433336,1.566489,4.467982
588015509290025122,1237659755538219151,2.66869775819738E-06,47.14343828,0.1703175,1.136345,2.606225
588015510344302646,1237659756592496676,2.15755258198202E-06,2.78681327,0.84546054,1.852512,4.696918
588015510344302646,1237659756592496676,2.15755258198202E-06,2.78681327,0.84546054,1.852512,4.696918
588015510365012051,1237659756613206098,1.09116387855337E-05,49.98371495,1.03842321,1.631436,4.873515
588016839639564461,1237661085887758559,6.734221695279E-06,135.79879501,30.03742491,2.952386,8.616776
588016840706294177,1237661086954488295,2.67136067063357E-06,120.67702112,21.68125674,1.347992,3.509508
588016891715190956,1237661137963385020,4.77461413928229E-06,163.34889981,40.40029898,1.748456,3.743339
588016892786901096,1237661139035095163,4.32440873008846E-06,157.28878054,39.74056288,1.179181,2.951185
588016892786901096,1237661139035095163,4.32440873008846E-06,157.28878054,39.74056288,1.179181,2.951185
588016892786901096,1237661139035095163,4.32440873008846E-06,157.28878054,39.74056288,1.179181,2.951185
588016892787359754,1237661139035553884,8.38018909246983E-06,158.40784848,40.20127623,1.406216,3.245073
588017110222372984,1237661356470567023,2.08225221187881E-06,184.70709215,46.75162287,1.537313,3.040441
588017110222373005,1237661356470567041,4.59529945725781E-06,184.73317153,46.66420265,2.525249,6.192198
588017111298211975,1237661357546406031,1.662803079611E-05,191.76913761,47.35467534,2.419655,4.675821
588017112366055568,1237661358614249625,9.34484945186239E-06,171.78780965,47.75982369,1.411041,3.053028
588017115590426784,1237661361838620827,1.13889489337421E-05,214.06977636,43.80564298,1.892378,5.079837
588017569773846558,1237661816022040600,5.34227162298717E-06,189.33055932,11.82108479,0.9557035,2.55353
588017569773846558,1237661816022040600,5.34227162298717E-06,189.33055932,11.82108479,0.9557035,2.55353
588017569773846558,1237661816022040600,5.34227162298717E-06,189.33055932,11.82108479,0.9557035,2.55353
588017604138369082,1237661850386563236,7.96252436345708E-06,157.00996924,40.95031634,1.582319,4.295042
588017605218336815,1237661851466530894,2.82313710624688E-05,175.68176731,45.01098445,2.09778,4.698072
588017625082364006,1237661871330558067,3.59586155486416E-06,187.22033084,43.90851185,1.253181,3.139195
588017625628541012,1237661871876735127,1.97415933166383E-06,215.49169265,39.9362744,1.701256,3.593756
588017625628541012,1237661871876735127,1.97415933166383E-06,215.49169265,39.9362744,1.701256,3.593756
588017625628541012,1237661871876735127,1.97415933166383E-06,215.49169265,39.9362744,1.701256,3.593756
588017626699661323,1237661872947855366,1.4886239270708E-06,208.27242089,42.67066888,1.977775,4.560837
588017626699661323,1237661872947855366,1.4886239270708E-06,208.27242089,42.67066888,1.977775,4.560837
588017627757543516,1237661874005737543,5.95394428770965E-06,158.14518569,42.76803788,1.580886,3.468992
588017627760754873,1237661874008948907,7.19140416356731E-06,168.14956385,44.61533156,2.209901,4.599452
588017627765604441,1237661874013798467,1.18561892072611E-05,183.64532922,45.84701139,1.918679,3.8935
588017702953746742,1237661949201940804,4.45524159550853E-06,233.82098135,7.72072356,1.914408,4.286923
588017704011759754,1237661950259953804,4.00342280135188E-06,197.58527856,12.51441418,1.339533,3.401372
588017704530739277,1237661950778933325,2.98872262559022E-06,155.70882384,11.70300751,3.052183,7.43395
588017704530739277,1237661950778933325,2.98872262559022E-06,155.70882384,11.70300751,3.052183,7.43395
588017704530739277,1237661950778933325,2.98872262559022E-06,155.70882384,11.70300751,3.052183,7.43395
588017704540569633,1237661950788763676,5.38566662850347E-06,178.69419133,13.23065079,1.849248,4.469264
588017704540569633,1237661950788763676,5.38566662850347E-06,178.69419133,13.23065079,1.849248,4.469264
588017704540569633,1237661950788763676,5.38566662850347E-06,178.69419133,13.23065079,1.849248,4.469264
588017704541945958,1237661950790140012,5.27494153599689E-06,181.9080893,13.22514704,1.651501,4.393118
588017704554266746,1237661950802460985,1.72181439337885E-06,210.85021629,12.06693811,1.01562,2.746939
588017719571513412,1237661965819707451,6.94035078826394E-06,185.53189663,41.28723341,3.533492,8.392656
588017719571513412,1237661965819707451,6.94035078826394E-06,185.53189663,41.28723341,3.533492,8.392656
588017719571513412,1237661965819707451,6.94035078826394E-06,185.53189663,41.28723341,3.533492,8.392656
588017719571513412,1237661965819707451,6.94035078826394E-06,185.53189663,41.28723341,3.533492,8.392656
588017721715654750,1237661967963848786,1.88189285613228E-05,175.18476696,42.59291474,1.984821,5.098338
588017729768390744,1237661976016584792,3.44290711274245E-06,199.41995429,7.48728901,1.696423,4.202579
588017730306048009,1237661976554242058,9.71677192191598E-06,201.20169956,7.92650756,0.9829425,2.420879
588017730306048009,1237661976554242058,9.71677192191598E-06,201.20169956,7.92650756,0.9829425,2.420879
588017948292743410,1237662194540937496,3.9020136377623E-06,226.31797185,34.52393942,1.382912,3.084347
588017948816244855,1237662195064438904,2.62264121642694E-06,188.32465048,42.78571359,1.910136,4.577165
588017978378092729,1237662224626286934,7.602170363996E-06,242.22963505,24.14460674,1.061111,2.75445
588017978891436048,1237662225139630206,1.41675353626804E-05,180.14134461,40.08541034,1.531788,3.743012
588017978891436048,1237662225139630206,1.41675353626804E-05,180.14134461,40.08541034,1.531788,3.743012
588017979446329505,1237662225694523562,2.95619353661808E-06,230.20932865,31.10706069,1.71168,4.503941
588017979446329505,1237662225694523562,2.95619353661808E-06,230.20932865,31.10706069,1.71168,4.503941
588017991771488466,1237662238019682518,4.23733905221234E-06,222.84317423,8.1490767,1.938531,5.394225
588017991771488466,1237662238019682518,4.23733905221234E-06,222.84317423,8.1490767,1.938531,5.394225
588017991771488466,1237662238019682518,4.23733905221234E-06,222.84317423,8.1490767,1.938531,5.394225
588017992306524413,1237662238554718526,3.28610896281138E-06,218.75755415,9.15605166,2.03156,4.848181
588018055650476206,1237662301898670265,1.9073163565659E-05,216.78439295,47.83454047,1.583084,4.313679
588018091613618328,1237662337861812353,5.44247505039816E-06,231.58423379,38.01353141,1.648345,3.839474
588023046410272825,1237667292658466885,3.9639675659987E-06,153.1199034,23.47779935,1.477089,3.632983
588023048021803161,1237667294269997199,2.57724634943561E-06,155.07154059,25.28768994,2.224208,5.242648
588023668640579794,1237667914888773826,8.60031515413848E-06,197.87229713,18.989924,2.359887,5.559295
588023669707702428,1237667915955896449,2.47029055514536E-06,181.74277255,20.33620376,2.523273,5.738711
588023669707702428,1237667915955896449,2.47029055514536E-06,181.74277255,20.33620376,2.523273,5.738711
588023670784458921,1237667917032652986,1.08198163177609E-05,189.19771497,21.12193291,2.028948,5.307621
588023721246916828,1237667967495110870,7.92771602146621E-06,224.71219321,19.82722686,2.037347,5.691129
588023721246916828,1237667967495110870,7.92771602146621E-06,224.71219321,19.82722686,2.037347,5.691129
588295840177717340,1237658611449200737,9.29460898940978E-05,187.10212251,48.90828852,1.654778,4.059789
588295840711770170,1237658611983253574,0.000103345735624876,177.19653138,48.89830094,1.655903,4.186314
588295840711770170,1237658611983253574,0.000103345735624876,177.19653138,48.89830094,1.655903,4.186314
588297863640121559,1237660634911604946,1.67476803454718E-06,131.38491967,32.14324027,2.614869,6.352804
588297863649951841,1237660634921435234,1.70936559504323E-05,156.42385823,43.1577562,2.278742,4.503118
588297864177516670,1237660635449000052,3.57919404131403E-06,132.11294002,33.2787275,1.669934,3.986297
588297865245950198,1237660636517433628,7.18042272198836E-06,120.70945401,26.21369235,2.595178,5.587664
588298663044513866,1237661434315997322,7.49407695798694E-06,209.89127383,44.51498013,1.155302,3.047904
588298663583547602,1237661434855030931,6.67119540171693E-06,216.57666007,43.3471125,1.521888,3.474628
588848898847801404,1237648720165863458,2.75553556865595E-05,200.23499389,-0.96281692,1.373862,3.273735
588848898848063595,1237648720166125688,4.55868571552046E-06,200.90832581,-1.03833482,2.713008,5.89623
588848898851602609,1237648720169664667,2.10162853315445E-05,208.96757603,-1.01172073,2.561482,7.132781
588848898851602609,1237648720169664667,2.10162853315445E-05,208.96757603,-1.01172073,2.561482,7.132781
588848898851602609,1237648720169664667,2.10162853315445E-05,208.96757603,-1.01172073,2.561482,7.132781
588848899365208223,1237648720683270271,2.23115839819223E-06,155.7957378,-0.4696702,1.816556,5.640874
588848899365208223,1237648720683270271,2.23115839819223E-06,155.7957378,-0.4696702,1.816556,5.640874
588848899365208223,1237648720683270271,2.23115839819223E-06,155.7957378,-0.4696702,1.816556,5.640874
588848900429185459,1237648721747247554,1.52115751959179E-05,133.49824953,0.41571326,1.559578,3.416106
588848900430627108,1237648721748689177,3.9016072238846E-05,136.82741494,0.2516866,1.495633,4.041166
588848900430627108,1237648721748689177,3.9016072238846E-05,136.82741494,0.2516866,1.495633,4.041166
588848900452581469,1237648721770643531,1.09612123987094E-05,187.00472072,0.31226719,1.451897,3.829195