dr7objid,dr8objid,distance
587722953306669460,1237648674531574095,6.70631887741753E-06
587722953306669460,1237648674531574095,6.70631887741753E-06
587722981734416556,1237648702959321260,6.55895769967873E-06
587722982840861239,1237648704065765998,4.32320106024957E-06
587722983892123805,1237648705117028532,9.4143145298965E-06
587722983892123805,1237648705117028532,9.4143145298965E-06
587722983910015309,1237648705134920015,9.79776660713189E-06
587724197737988108,1237649918962892929,2.84073154127744E-06
587724197739692219,1237649918964596902,6.16219815280591E-06
587724198813434003,1237649920038338706,3.5894049218311E-06
587724232642986191,1237649953867890906,4.645185012067E-06
587724232642986191,1237649953867890906,4.645185012067E-06
587724232642986191,1237649953867890906,4.645185012067E-06
587724232642986191,1237649953867890906,4.645185012067E-06
587724233173696667,1237649954398601412,5.15919619100652E-06
587724233173696667,1237649954398601412,5.15919619100652E-06
587724240694608065,1237649961919512770,5.47137584607936E-06
587724242836258907,1237649964061163591,2.09438446838526E-06
587724649800990843,1237650371025895570,3.26671316812625E-06
587724650866213071,1237650372091117776,3.57963868051448E-06
587725040099786936,1237650761324691637,1.37190804472422E-05
587725040099786936,1237650761324691637,1.37190804472422E-05
587725040626303102,1237650761851207910,1.16194782224543E-05
587725040637444196,1237650761862348897,4.04441433211568E-06
587725040637444196,1237650761862348897,4.04441433211568E-06
587725470674714825,1237651191899619530,0.000101842316837513
587725470674714825,1237651191899619530,0.000101842316837513
587725470674714825,1237651191899619530,0.000101842316837513
587725475491741900,1237651196716646629,7.94278599353283E-05
587725551198142664,1237651272423047354,0.00011439956492407
587725551205089402,1237651272429994148,0.000102193995602148
587725551205875852,1237651272430780550,9.34788679524871E-05
587725576424784091,1237651297649688832,5.36903208172876E-05
587725576424784091,1237651297649688832,5.36903208172876E-05
587725578033955058,1237651299258859733,8.12781496912607E-05
587725816415191161,1237651537640095875,6.76579645662823E-05
587725816420368501,1237651537645273262,2.97127465900501E-05
587725816422400138,1237651537647304830,7.80245374253151E-05
587725816422400138,1237651537647304830,7.80245374253151E-05
587725816422400138,1237651537647304830,7.80245374253151E-05
587725817489391744,1237651538714296470,7.22441713873713E-05
587725818022985921,1237651539247890612,2.86560104790898E-05
587725981224796329,1237651702449701057,8.4187514098314E-05
587725981224796329,1237651702449701057,8.4187514098314E-05
587726016164331808,1237651737389236452,5.18053310682897E-06
587726016164331808,1237651737389236452,5.18053310682897E-06
587726016164331808,1237651737389236452,5.18053310682897E-06
587726016164331808,1237651737389236452,5.18053310682897E-06
587726016164331808,1237651737389236452,5.18053310682897E-06
587726031702917237,1237651752927821939,3.77225040588058E-06
587726031703375951,1237651752928280661,3.99332030468617E-06
587726031703375951,1237651752928280661,3.99332030468617E-06
587726031703375951,1237651752928280661,3.99332030468617E-06
587726031704162412,1237651752929067101,1.85033200245909E-06
587726032237428888,1237651753462333600,6.0756099237093E-07
587726033308942567,1237651754533847262,5.92254632075313E-06
587726033308942567,1237651754533847262,5.92254632075313E-06
587726033308942567,1237651754533847262,5.92254632075313E-06
587726033338958013,1237651754563862680,4.20974133322902E-06
587726033338958013,1237651754563862680,4.20974133322902E-06
587726100956315920,1237651822181220606,4.55372565985318E-06
587726100956315920,1237651822181220606,4.55372565985318E-06
587726102031827204,1237651823256731908,4.11614348369107E-06
587726102557884591,1237651823782789277,3.61011293856304E-06
587726878877024509,1237652600101929375,5.38400760097751E-06
587727177924673625,1237652899149578416,5.02200939325738E-06
587727178451583052,1237652899676487754,2.7147754119164E-06
587727180062523456,1237652901287428147,7.62299380589068E-06
587727180062523456,1237652901287428147,7.62299380589068E-06
587727212274909487,1237652933499814203,2.41779887479233E-06
587727220876968102,1237652942101872831,8.57219538144008E-06
587727220876968102,1237652942101872831,8.57219538144008E-06
587727221951168675,1237652943176073434,2.61589055638781E-06
587727223014883704,1237652944239788383,4.35770899478466E-06
587727226236436575,1237652947461341254,1.34000788304181E-06
587727226236436575,1237652947461341254,1.34000788304181E-06
587727226236436575,1237652947461341254,1.34000788304181E-06
587727229985423530,1237652951210328247,4.33458867138488E-06
587727229985423530,1237652951210328247,4.33458867138488E-06
587727865649627291,1237653586874532005,1.03173662539704E-05
587727865649627291,1237653586874532005,1.03173662539704E-05
587727865649627291,1237653586874532005,1.03173662539704E-05
587727866717995276,1237653587942900023,7.89493679091478E-06
587727866717995276,1237653587942900023,7.89493679091478E-06
587727867254866176,1237653588479770964,7.53586584954119E-06
587727942958776435,1237653664183681128,1.1319355406331E-05
587727944027078984,1237653665251983660,6.10760067141241E-06
587727944027078984,1237653665251983660,6.10760067141241E-06
587728676861182128,1237654398086086857,6.26224305039743E-05
587728676861182128,1237654398086086857,6.26224305039743E-05
587728879265120411,1237654600490025162,9.72933258362031E-06
587728880344367215,1237654601569271910,5.0701584710717E-06
587728880344367215,1237654601569271910,5.0701584710717E-06
587728880344367215,1237654601569271910,5.0701584710717E-06
587728880878157934,1237654602103062643,4.97699523530725E-06
587728918985375832,1237654640210280518,4.55077765553706E-05
587728931332948214,1237654652557852932,4.91739726879411E-06
587728931335504170,1237654652560408887,2.11504769930746E-06
587728931884499090,1237654653109403802,7.76563437441653E-05
587728932408983836,1237654653633888527,3.448032351574E-06
587728932408983836,1237654653633888527,3.448032351574E-06
587728947979157657,1237654669204062412,1.3326961415793E-06
587729153597309049,1237654874822213760,7.0631929978681E-05
587729153598947407,1237654874823852098,5.04019615633591E-05
587729160577155248,1237654881802059981,8.72680759936638E-06
587729160577155248,1237654881802059981,8.72680759936638E-06
587729160579645565,1237654881804550267,7.21970105710584E-06
587729160579645565,1237654881804550267,7.21970105710584E-06
587729227146133656,1237654948371038350,3.91521786598718E-05
587729385542778969,1237655106767683674,7.1407074736391E-05
587729385542778969,1237655106767683674,7.1407074736391E-05
587729386597843210,1237655107822747901,4.75153474822819E-06
587729386603413684,1237655107828318393,9.05124141505059E-05
587729386614751382,1237655107839656074,0.000115205787878951
587729386614751382,1237655107839656074,0.000115205787878951
587729386620584083,1237655107845488780,6.95048709478854E-05
587729388223594605,1237655109448499301,9.63708955150571E-05
587729408080740726,1237655129305645410,7.61459127384344E-06
587729408084017600,1237655129308922251,2.31331979054633E-06
587729408084017600,1237655129308922251,2.31331979054633E-06
587729408613155008,1237655129838059706,1.10897850108987E-05
587729409157300579,1237655130382205240,1.52296425876423E-05
587729652349337865,1237655373574242568,5.74155240129618E-06
587729653959229597,1237655375184134290,5.27232709919546E-06
587729653959229597,1237655375184134290,5.27232709919546E-06
587729653959229597,1237655375184134290,5.27232709919546E-06
587729751137321566,1237655472362226252,7.98784960345034E-07
587729751137321566,1237655472362226252,7.98784960345034E-07
587729752212439651,1237655473437344396,1.63367381022118E-06
587729752212439651,1237655473437344396,1.63367381022118E-06
587729752212439651,1237655473437344396,1.63367381022118E-06
587729752212439651,1237655473437344396,1.63367381022118E-06
587729752212439651,1237655473437344396,1.63367381022118E-06
587729752212439651,1237655473437344396,1.63367381022118E-06
587729753277989131,1237655474502893835,1.25983906933077E-05
587729753277989131,1237655474502893835,1.25983906933077E-05
587729777453498609,1237655498678403268,2.46185940544554E-06
587729970184126708,1237655691409031456,2.30622583919856E-06
587729970184126708,1237655691409031456,2.30622583919856E-06
587729970184126708,1237655691409031456,2.30622583919856E-06
587730022261129547,1237655743486034292,1.6626505991535E-06
587730022261129547,1237655743486034292,1.6626505991535E-06
587730022261260628,1237655743486165337,6.22102083567916E-07
587730022261260628,1237655743486165337,6.22102083567916E-07
587730022519668927,1237655743476138167,4.35413895655021E-06
587730022519668927,1237655743476138167,4.35413895655021E-06
587730023328645345,1237655744553550060,4.50224227071031E-06
587730023328645345,1237655744553550060,4.50224227071031E-06
587730773889253467,1237656495114158155,3.3351651767414E-06
587730816286195790,1237656537511100479,2.93845497706548E-06
587731173844648116,1237656895069552825,8.72719904438122E-07
587731185115464018,1237656906340368773,4.40316153772606E-06
587731185115464018,1237656906340368773,4.40316153772606E-06
587731185650827578,1237656906875732215,2.08464063455578E-06
587731185655939312,1237656906880844005,2.28141088377198E-06
587731185657774301,1237656906882678972,6.05054261352668E-06
587731185671340185,1237656906896244871,2.74097175358842E-06
587731186198380750,1237656907423285432,1.32512463118764E-06
587731186735317158,1237656907960221848,3.01111392721988E-05
587731186746392612,1237656907971297306,2.75010892514827E-06
587731186746392612,1237656907971297306,2.75010892514827E-06
587731186746392613,1237656907971297307,2.47746717169948E-05
587731186746392613,1237656907971297307,2.47746717169948E-05
587731187807355000,1237656909032259694,4.93317142388238E-06
587731187807355000,1237656909032259694,4.93317142388238E-06
587731512081580211,1237657233306484950,2.12608730686026E-06
587731512081580211,1237657233306484950,2.12608730686026E-06
587731512081580211,1237657233306484950,2.12608730686026E-06
587731512612356212,1237657233837260890,1.87402336449616E-06
587731512617926834,1237657233842831518,6.06491861140135E-06
587731512617926834,1237657233842831518,6.06491861140135E-06
587731512617926834,1237657233842831518,6.06491861140135E-06
587731512617926834,1237657233842831518,6.06491861140135E-06
587731513685246095,1237657234910150776,4.7588535181565E-06
587731521198031218,1237657242422935906,2.79634255547097E-06
587731522276294687,1237657243501199575,1.24271043650837E-06
587731869087563875,1237657590312468554,3.05175421649767E-06
587731869090644158,1237657590315548844,0.000120060616852013
587731869090644158,1237657590315548844,0.000120060616852013
587731869090644158,1237657590315548844,0.000120060616852013
587731869090644158,1237657590315548844,0.000120060616852013
587731870163665077,1237657591388569770,7.66265184621537E-05
587731870163665077,1237657591388569770,7.66265184621537E-05
587731870168973474,1237657591393878152,0.000112063452882343
587731870168973474,1237657591393878152,0.000112063452882343
587731886804435296,1237657608029340018,4.62357540809001E-06
587731889504911512,1237657610729816263,7.33401751393235E-05
587731890581340192,1237657611806244983,5.67443544870462E-05
587731891112902733,1237657612337807420,7.73492216658469E-05
587731891112902733,1237657612337807420,7.73492216658469E-05
587731891653247044,1237657612878151752,6.29240174478877E-05
587732053243003160,1237657774467907843,2.43252122654281E-06
587732053243003160,1237657774467907843,2.43252122654281E-06
587732053779873963,1237657775004778650,4.60322666672272E-06
587732054313140429,1237657775538045120,8.84060724208588E-05
587732135919288453,1237657857144193179,5.91291457294741E-05
587732156855091491,1237657878079996189,2.68686824261482E-06
587732156855943366,1237657878080848071,6.60326017388727E-06
587732156855943366,1237657878080848071,6.60326017388727E-06
587732156855943366,1237657878080848071,6.60326017388727E-06
587732157392552236,1237657878617456941,1.9049035447323E-05
587732484898685004,1237658206123589715,8.28183356281707E-05
587732484898685004,1237658206123589715,8.28183356281707E-05
587732484898685004,1237658206123589715,8.28183356281707E-05
587732484898685004,1237658206123589715,8.28183356281707E-05
587732577233666081,1237658298458570785,6.74820614856609E-06
587732579381477563,1237658300606382281,1.74678325826791E-05
587732582053904594,1237658303278809286,7.31673946620136E-05
587732582057181190,1237658303282085896,6.20466512240497E-05
587732582594183300,1237658303819087991,8.10889356900181E-05
587732582594183300,1237658303819087991,8.10889356900181E-05
587732591179661439,1237658312404566145,9.36516206534875E-05
587732591179661439,1237658312404566145,9.36516206534875E-05
587732591183331482,1237658312408236251,7.87909342312413E-05
587732591183331482,1237658312408236251,7.87909342312413E-05
587732591183331482,1237658312408236251,7.87909342312413E-05
587732591183331482,1237658312408236251,7.87909342312413E-05
587732591183331482,1237658312408236251,7.87909342312413E-05
587732591183331482,1237658312408236251,7.87909342312413E-05
587732591717515370,1237658312942420202,8.52750219657103E-05
587732701263036523,1237658422487941229,1.22750660657571E-06
587732701263036523,1237658422487941229,1.22750660657571E-06
587732701264871558,1237658422489776255,9.49121650083533E-06
587732701264871558,1237658422489776255,9.49121650083533E-06
587732701795254400,1237658423020159075,2.42170351559022E-06
587732702326030503,1237658423550935223,1.02808657381518E-05
587732702326030503,1237658423550935223,1.02808657381518E-05
587732702335795329,1237658423560700035,3.43182782318457E-06
587732703400034420,1237658424624939090,5.01808861963802E-06
587732703400427827,1237658424625332527,1.75004804054172E-06
587732703947128988,1237658425172033708,9.34250117354278E-06
587732770514337968,1237658491739242727,5.01382758920956E-06
587732771585720453,1237658492810625148,2.92217282870459E-06
587733080272076939,1237658801496981693,7.28221861954265E-05
587733080272076939,1237658801496981693,7.28221861954265E-05
587733080272076939,1237658801496981693,7.28221861954265E-05
587733425481187469,1237659146706092168,7.88781237109121E-05
587733432460181893,1237659153685086628,6.88920618388933E-06
587733603718398042,1237659324943302766,9.41066027168476E-05
587733603718398042,1237659324943302766,9.41066027168476E-05
587734621628465460,1237660342853370159,7.71657240190403E-07
587734621635477618,1237660342860382313,8.89603389791857E-06
587734622700896628,1237660343925801307,2.70102562604438E-06
587734622700896628,1237660343925801307,2.70102562604438E-06
587734691963076837,1237660413187981523,2.25210203972471E-06
587734691963076837,1237660413187981523,2.25210203972471E-06
587734863220179189,1237660584445083886,6.18710633674993E-06
587734863220179189,1237660584445083886,6.18710633674993E-06
587734863221620868,1237660584446525583,5.82066348614356E-06
587734863221620868,1237660584446525583,5.82066348614356E-06
587734863221620868,1237660584446525583,5.82066348614356E-06
587734864295428186,1237660585520332885,2.74168199979595E-06
587734891677352042,1237660612902256782,4.23912830560658E-06
587734891677352042,1237660612902256782,4.23912830560658E-06
587734948580294921,1237660669805199614,5.34338091073152E-06
587734948580294921,1237660669805199614,5.34338091073152E-06
587734948580294921,1237660669805199614,5.34338091073152E-06
587734948580294921,1237660669805199614,5.34338091073152E-06
587735239570751584,1237660960795656425,1.26776801851877E-05
587735239570751584,1237660960795656425,1.26776801851877E-05
587735239570751584,1237660960795656425,1.26776801851877E-05
587735239570751584,1237660960795656425,1.26776801851877E-05
587735240644034717,1237660961868939413,6.61758069725887E-06
587735240644034717,1237660961868939413,6.61758069725887E-06
587735240644034717,1237660961868939413,6.61758069725887E-06
587735241181102339,1237660962406006998,2.12672727677849E-06
587735343716041386,1237661064940945720,1.675975331463E-06
587735343717417471,1237661064942322163,7.27377884436873E-06
587735343717417471,1237661064942322163,7.27377884436873E-06
587735346962563243,1237661068187468000,2.44360775734671E-06
587735348573175897,1237661069798080585,7.1417538560938E-07
587735348573175897,1237661069798080585,7.1417538560938E-07
587735348573175897,1237661069798080585,7.1417538560938E-07
587735349645475929,1237661070870380605,5.33005986847116E-06
587735349645475929,1237661070870380605,5.33005986847116E-06
587735349645475929,1237661070870380605,5.33005986847116E-06
587735429618729062,1237661150843633749,2.95041075092919E-06
587735664777560194,1237661386002464894,1.04725667087661E-05
587735666378080264,1237661387602985066,8.51545172106154E-05
587735666378080264,1237661387602985066,8.51545172106154E-05
587735666378080264,1237661387602985066,8.51545172106154E-05
587735666379653297,1237661387604557997,8.74756798163516E-05
587735695369764996,1237661416594669706,8.37796781419653E-05
587735696445210766,1237661417670115448,6.72371651390024E-05
587735696445210766,1237661417670115448,6.72371651390024E-05
587735744227836216,1237661465452740985,8.57744805842167E-06
587735744227836216,1237661465452740985,8.57744805842167E-06
587736525372129480,1237662246597034150,4.79625174422303E-06
587736525372129480,1237662246597034150,4.79625174422303E-06
587736525372129480,1237662246597034150,4.79625174422303E-06
587736525372129480,1237662246597034150,4.79625174422303E-06
587736525372129480,1237662246597034150,4.79625174422303E-06
587736541474652389,1237662262699557080,5.03021646962974E-06
587736541474652389,1237662262699557080,5.03021646962974E-06
587736541474652389,1237662262699557080,5.03021646962974E-06
587736541480026218,1237662262704930955,5.46756147420425E-07
587736543099093145,1237662264323997805,7.2671496733368E-06
587736543100666193,1237662264325570909,6.27858454624026E-06
587736543101321655,1237662264326226344,4.99466180366439E-06
587736584425111697,1237662305650016444,1.89511948539173E-06
587736584425111697,1237662305650016444,1.89511948539173E-06
587736584425111697,1237662305650016444,1.89511948539173E-06
587736584434090176,1237662305658994921,9.10692637811009E-06
587736584434876671,1237662305659781410,1.81466569194845E-06
587736584962113614,1237662306187018293,3.99612528780643E-06
587736584962113614,1237662306187018293,3.99612528780643E-06
587736584980463823,1237662306205368503,3.27253665236281E-06
587736585513992570,1237662306738897253,2.19678664490252E-05
587736585513992570,1237662306738897253,2.19678664490252E-05
587736586045685922,1237662307270590700,6.46008259234308E-06
587736586045685922,1237662307270590700,6.46008259234308E-06
587736586045685922,1237662307270590700,6.46008259234308E-06
587736586047127757,1237662307272032488,4.60054855076349E-06
587736586047127757,1237662307272032488,4.60054855076349E-06
587736586047324301,1237662307272229001,7.64487079634516E-06
587736618790158431,1237662340015063113,3.97378181564074E-06
587736618790158431,1237662340015063113,3.97378181564074E-06
587736619325063335,1237662340549968014,5.40827566858148E-06
587736751932506320,1237662473157411036,3.94104452537432E-06
587736751932506320,1237662473157411036,3.94104452537432E-06
587736751932506320,1237662473157411036,3.94104452537432E-06
587736752468001109,1237662473692905842,4.52526235465301E-06
587736752468001109,1237662473692905842,4.52526235465301E-06
587736807765442730,1237662528990347439,7.72829311280751E-07
587736807765442730,1237662528990347439,7.72829311280751E-07
587736807765442730,1237662528990347439,7.72829311280751E-07
587736809916268709,1237662531141173430,6.04364297308224E-06
587736916762362003,1237662637987266978,1.08293270003401E-05
587736916762362003,1237662637987266978,1.08293270003401E-05
587736916762362003,1237662637987266978,1.08293270003401E-05
587736941450035309,1237662662674940000,1.65860941951197E-06
587736941450035309,1237662662674940000,1.65860941951197E-06
587736941994246663,1237662663219151325,4.13534743502242E-06
587736946812584133,1237662668037489070,1.64496276158972E-05
587736974731706461,1237662695956611172,2.74736939299304E-06
587736974731706461,1237662695956611172,2.74736939299304E-06
587736974731706461,1237662695956611172,2.74736939299304E-06
587736975271788625,1237662696496693316,9.0932562005009E-06
587736975271788625,1237662696496693316,9.0932562005009E-06
587736975278932346,1237662696503836971,1.33284601840629E-05
587737810108350471,1237663531333255175,6.06987786157862E-05
587737810108350471,1237663531333255175,6.06987786157862E-05
587737810108612869,1237663531333517552,6.81345049228465E-05
587737810108612869,1237663531333517552,6.81345049228465E-05
587737810114838704,1237663531339743416,0.000100066533929205
587737825140736229,1237663546365641033,7.35198568403713E-05
587737825676755217,1237663546901659919,6.81665856705793E-05
587738066734153765,1237663787959058538,0.000114526661743699
587738068346470509,1237663789571375297,7.8649003360616E-05
587738068346470509,1237663789571375297,7.8649003360616E-05
587738068346470509,1237663789571375297,7.8649003360616E-05
587738195040206958,1237663916265111625,7.67607629166459E-05
587738195040206958,1237663916265111625,7.67607629166459E-05
587738409790275753,1237664131015180438,4.3540161087869E-06
587738409790275753,1237664131015180438,4.3540161087869E-06
587738564942758570,1237664286167663258,6.12125985562993E-06
587738569777938632,1237664291002843374,1.04327441346295E-05
587738569777938632,1237664291002843374,1.04327441346295E-05
587738570311335969,1237664291536240817,2.02258154841211E-05
587738574604992721,1237664295829897415,3.03081644484834E-06
587738574604992721,1237664295829897415,3.03081644484834E-06
587738574604992721,1237664295829897415,3.03081644484834E-06
587738574604992721,1237664295829897415,3.03081644484834E-06
587738574604992721,1237664295829897415,3.03081644484834E-06
587738574608400393,1237664295833305254,4.86820100906488E-06
587738574608400393,1237664295833305254,4.86820100906488E-06
587738617561219157,1237664338786123842,1.16990663908155E-05
587738947222044893,1237664668446949574,4.55870098223525E-06
587738947735453913,1237664668960358618,3.10529317143963E-06
587738948294344860,1237664669519249606,5.64175165421211E-06
587738951492698195,1237664672717603050,6.70981245305598E-06
587738951492698195,1237664672717603050,6.70981245305598E-06
587739096450138235,1237664817675042952,4.27763625135944E-06
587739098063765582,1237664819288670288,1.09521500586603E-05
587739114167206154,1237664835392110792,1.827389186413E-06
587739115778081023,1237664837002985706,6.48749407306862E-07
587739130815905994,1237664852040810703,8.36641502433346E-06
587739131888337206,1237664853113241895,2.24030456637806E-06
587739131888337206,1237664853113241895,2.24030456637806E-06
587739156578500701,1237664877803405400,6.34945978802981E-06
587739157654405281,1237664878879309972,7.66732010124278E-06
587739157654405281,1237664878879309972,7.66732010124278E-06
587739157654405281,1237664878879309972,7.66732010124278E-06
587739159264493729,1237664880489398471,3.81872946652479E-06
587739159264493729,1237664880489398471,3.81872946652479E-06
587739159264493729,1237664880489398471,3.81872946652479E-06
587739303943864441,1237665024900333716,5.81096381879913E-06
587739303943864441,1237665024900333716,5.81096381879913E-06
587739303943864441,1237665024900333716,5.81096381879913E-06
587739376705929414,1237665097930834103,2.78345812816808E-06
587739376705929414,1237665097930834103,2.78345812816808E-06
587739376705929414,1237665097930834103,2.78345812816808E-06
587739377766957247,1237665098991861944,3.64314693908907E-06
587739377766957247,1237665098991861944,3.64314693908907E-06
587739377766957247,1237665098991861944,3.64314693908907E-06
587739380448690376,1237665101673595110,6.40043419583287E-06
587739380453081243,1237665101677985956,1.78127743082095E-06
587739380453081243,1237665101677985956,1.78127743082095E-06
587739380453081243,1237665101677985956,1.78127743082095E-06
587739405717078177,1237665126941982929,1.10113276510831E-05
587739405717078177,1237665126941982929,1.10113276510831E-05
587739406231470199,1237665127456374888,2.05323263601691E-06
587739406240383129,1237665127465287865,3.62668474062537E-06
587739406240383129,1237665127465287865,3.62668474062537E-06
587739406240383129,1237665127465287865,3.62668474062537E-06
587739406240383129,1237665127465287865,3.62668474062537E-06
587739406242087043,1237665127466991721,4.61894422593071E-06
587739406766178490,1237665127991083181,8.93399841612099E-06
587739406766178490,1237665127991083181,8.93399841612099E-06
587739406766637254,1237665127991541981,6.34346408860306E-07
587739406789509278,1237665128014413970,5.21727093693598E-06
587739406789509278,1237665128014413970,5.21727093693598E-06
587739407340863707,1237665128565768394,3.54219708079158E-06
587739407340863707,1237665128565768394,3.54219708079158E-06
587739407832580437,1237665129057485108,4.53451544971274E-06
587739407832580437,1237665129057485108,4.53451544971274E-06
587739407832580437,1237665129057485108,4.53451544971274E-06
587739407833759962,1237665129058664642,1.11759551394457E-05
587739407833759962,1237665129058664642,1.11759551394457E-05
587739407846670473,1237665129071575178,2.09636264925239E-06
587739407846670473,1237665129071575178,2.09636264925239E-06
587739407846670473,1237665129071575178,2.09636264925239E-06
587739408388063429,1237665129612968121,8.85843150492168E-06
587739408388063429,1237665129612968121,8.85843150492168E-06
587739459370811503,1237665180595716194,1.09172681314849E-06
587739459370811503,1237665180595716194,1.09172681314849E-06
587739609155436648,1237665330380341348,5.35773537314292E-06
587739609155436648,1237665330380341348,5.35773537314292E-06
587739630095827074,1237665351320731795,9.72085429279603E-06
587739630095827074,1237665351320731795,9.72085429279603E-06
587739646748065911,1237665367972970596,7.09624346152656E-07
587739706877608095,1237665428102512786,7.7630891481104E-06
587739707421229466,1237665428646134183,1.01970966213007E-05
587739707421229466,1237665428646134183,1.01970966213007E-05
587739707952332929,1237665429177237626,3.46814506004325E-06
587739720823603307,1237665442048508031,5.76018792682894E-06
587739720832385163,1237665442057289873,1.39118131440331E-06
587739721907699785,1237665443132604479,1.29527278982067E-06
587739721911959659,1237665443136864414,4.34861163551094E-06
587739721911959659,1237665443136864414,4.34861163551094E-06
587739721911959659,1237665443136864414,4.34861163551094E-06
587739721913991243,1237665443138895934,1.64798221502307E-05
587739721913991243,1237665443138895934,1.64798221502307E-05
587739810484453518,1237665531709358228,2.06211731410432E-06
587739810484453518,1237665531709358228,2.06211731410432E-06
587739810484453518,1237665531709358228,2.06211731410432E-06
587739811023749434,1237665532248654121,4.00294365603908E-06
587739811023749434,1237665532248654121,4.00294365603908E-06
587739811035873665,1237665532260778454,1.4995533264056E-05
587739811035873665,1237665532260778454,1.4995533264056E-05
587739811558391828,1237665532783296642,1.95326520763036E-06
587739811564028190,1237665532788932912,1.1696823754411E-06
587739827668189356,1237665548893094073,7.28710383306282E-06
587739827668189356,1237665548893094073,7.28710383306282E-06
587739828202635459,1237665549427540172,5.69952668923966E-07
587739828742324342,1237665549967229037,6.65466922140753E-06
587739828752810040,1237665549977714743,5.9520944723007E-06
587739829277163700,1237665550502068464,6.40843607508195E-06
587739829278343325,1237665550503248054,8.79396594321256E-07
587739829278343325,1237665550503248054,8.79396594321256E-07
587739844310990999,1237665565535895687,7.17473774721275E-06
587739845918523486,1237665567143428170,3.25664592819231E-06
587741387275108738,1237667108500013387,8.14126245870206E-07
587741387275108738,1237667108500013387,8.14126245870206E-07
587741387275108738,1237667108500013387,8.14126245870206E-07
587741421097255164,1237667142322159926,6.68522403297733E-06
587741421097255164,1237667142322159926,6.68522403297733E-06
587741421641269368,1237667142866174090,2.92651929554813E-06
587741490351374431,1237667211576279154,6.94118259931077E-06
587741490351374431,1237667211576279154,6.94118259931077E-06
587741490351964458,1237667211576869098,7.53562616490723E-06
587741490351964458,1237667211576869098,7.53562616490723E-06
587741490351964458,1237667211576869098,7.53562616490723E-06
587741490894536937,1237667212119441638,1.10420627239182E-05
587741490894536937,1237667212119441638,1.10420627239182E-05
587741490894536937,1237667212119441638,1.10420627239182E-05
587741490901942380,1237667212126847083,2.87850259072567E-06
587741490901942380,1237667212126847083,2.87850259072567E-06
587741490906660982,1237667212131565677,2.08603375477324E-05
587741490906660982,1237667212131565677,2.08603375477324E-05
587741532231631125,1237667253456535851,1.25022754609501E-06
587741532766798158,1237667253991702905,2.13024930514056E-06
587741600416858225,1237667321641762937,3.83820154854682E-05
587741600416858225,1237667321641762937,3.83820154854682E-05
587741600953336002,1237667322178240699,6.19575913738544E-06
587741602021310533,1237667323246215221,5.49582708855967E-06
587741602033041620,1237667323257946336,2.17464812956846E-06
587741708345671841,1237667429570576496,8.31396333049599E-06
587741708345671841,1237667429570576496,8.31396333049599E-06
587741708345671841,1237667429570576496,8.31396333049599E-06
587741709413908582,1237667430638813279,3.02256816183672E-06
587741709413908582,1237667430638813279,3.02256816183672E-06
587741709938852223,1237667431163756956,1.70335131276144E-06
587741709938983175,1237667431163887853,1.17051215479464E-05
587741725510992006,1237667446735896722,2.01143878555054E-05
587741725510992006,1237667446735896722,2.01143878555054E-05
587741725510992006,1237667446735896722,2.01143878555054E-05
587741726580146316,1237667447805050998,2.82130273417385E-06
587741727654412399,1237667448879317061,2.7757827088852E-06
587741727654412399,1237667448879317061,2.7757827088852E-06
587741815173611630,1237667536398516313,5.84665587804614E-06
587741815710417132,1237667536935321833,7.8777503677363E-06
587741815711072270,1237667536935977029,7.76091884427382E-06
587741820527902974,1237667541752807726,2.49536813368074E-06
587741820527902974,1237667541752807726,2.49536813368074E-06
587741828041670813,1237667549266575495,2.41132734404869E-06
587741828041670813,1237667549266575495,2.41132734404869E-06
587742012756787279,1237667733981691965,3.1956939087228E-07
587742013283041449,1237667734507946124,2.25749945015358E-06
587742013816963274,1237667735041868061,3.92092424627452E-06
587742013842325667,1237667735067230597,3.96060726426996E-06
587742060522504421,1237667781747409136,2.29035826155769E-05
587742060545900746,1237667781770805448,1.01764443249333E-06
587742061621280948,1237667782846185732,2.86293147137125E-06
587742061621280948,1237667782846185732,2.86293147137125E-06
587742061624557764,1237667782849462472,4.67815722858266E-06
587742061624557764,1237667782849462472,4.67815722858266E-06
587742061624557764,1237667782849462472,4.67815722858266E-06
587742061624557764,1237667782849462472,4.67815722858266E-06
587742061625016478,1237667782849921180,1.71718834728397E-06
587742062134165621,1237667783359070300,1.13410814998011E-05
587742062134165621,1237667783359070300,1.13410814998011E-05
587742062134165621,1237667783359070300,1.13410814998011E-05
587742062160904445,1237667783385809134,1.94638376312319E-06
587742062160904445,1237667783385809134,1.94638376312319E-06
587742062695350453,1237667783920255150,1.8229908278726E-06
587742062695350453,1237667783920255150,1.8229908278726E-06
587742062695350453,1237667783920255150,1.8229908278726E-06
587742190434713680,1237667911659618383,7.73255061341322E-07
587742190434713680,1237667911659618383,7.73255061341322E-07
587742190973288635,1237667912198193395,5.92879726363771E-06
587742190973681742,1237667912198586428,5.91215176577338E-06
587742190973681742,1237667912198586428,5.91215176577338E-06
587742190978138196,1237667912203042885,1.69541889502317E-05
587742190978138196,1237667912203042885,1.69541889502317E-05
587742190978138196,1237667912203042885,1.69541889502317E-05
587742191528509704,1237667912753414422,6.82473659685888E-06
587742550687154409,1237668271912059116,2.40380815672031E-06
587742551214981302,1237668272439886055,6.86290155177479E-06
587742551214981302,1237668272439886055,6.86290155177479E-06
587742551227433371,1237668272452338048,8.19192294485367E-06
587742551754539200,1237668272979443891,1.01071715313701E-05
587742551754539200,1237668272979443891,1.01071715313701E-05
587742567852081167,1237668289076985864,1.14598883191877E-05
587742567859486876,1237668289084391549,3.36837773990604E-06
587742567862173796,1237668289087078504,5.47943424883745E-06
587742567862173796,1237668289087078504,5.47943424883745E-06
587742568396423303,1237668289621327990,2.99337037220309E-06
587742568396423303,1237668289621327990,2.99337037220309E-06
587742572145868933,1237668293370773667,8.50379774525433E-07
587742573220659399,1237668294445564105,4.36153284867895E-06
587742573224001681,1237668294448906400,3.70608043631015E-06
587742573224001681,1237668294448906400,3.70608043631015E-06
587742573757595703,1237668294982500461,9.15006901895752E-07
587742573757595703,1237668294982500461,9.15006901895752E-07
587742575373385858,1237668296598290561,8.14974130686565E-05
587742575913336985,1237668297138241648,6.74201938165176E-06
587742576450535654,1237668297675440383,5.59303263530731E-06
587742576994812118,1237668298219716852,2.44454436603122E-05
587742578069799100,1237668299294703807,5.32682032027005E-07
587742589865164902,1237668311090069599,1.76827843158663E-05
587742590403346731,1237668311628251258,1.2821476758158E-05
587742590403346731,1237668311628251258,1.2821476758158E-05
587742609729126572,1237668330954031260,7.79781784143301E-06
587742609729126572,1237668330954031260,7.79781784143301E-06
587742609729126572,1237668330954031260,7.79781784143301E-06
587742610266325234,1237668331491229962,6.41378967214747E-06
587742616175575455,1237668337400480136,2.93944894509208E-06
587742616175575455,1237668337400480136,2.93944894509208E-06
587742627446915283,1237668348671820016,1.94022393871611E-06
587742627988570368,1237668349213475042,1.00156736647788E-06
587742629591777373,1237668350816682074,2.02342775963827E-06
587742773478686860,1237668494703591538,4.09296939733359E-06
587742773478686860,1237668494703591538,4.09296939733359E-06
587742775100244131,1237668496325148805,7.67051532055816E-07
587742863132131378,1237668584357036254,1.78949875376598E-06
587742863671754943,1237668584896659614,8.21951047275204E-06
587742865282891911,1237668586507796629,1.2168162932168E-05
587742865282891911,1237668586507796629,1.2168162932168E-05
587745244154036692,1237670965378941430,1.59214003622513E-06
587745244157968596,1237670965382873300,3.00826906930219E-06
587745245234856057,1237670966459760761,8.94680067890458E-06
587745404153823390,1237671125378728106,3.66794723475978E-06
587745404153823390,1237671125378728106,3.66794723475978E-06
587745404153823390,1237671125378728106,3.66794723475978E-06
587745970003640541,1237671691228545345,3.51263628090514E-06
587745970003640541,1237671691228545345,3.51263628090514E-06
587745970003640541,1237671691228545345,3.51263628090514E-06
587745970003640541,1237671691228545345,3.51263628090514E-06
587745970003640541,1237671691228545345,3.51263628090514E-06
587746211057828044,1237671932282732795,5.40634212371835E-06
587748928163741828,1237674649388646525,4.36495893521966E-06
587748928163741828,1237674649388646525,4.36495893521966E-06
587748929773437164,1237674650998341843,4.69828305992997E-06
587748929773437164,1237674650998341843,4.69828305992997E-06
588007006329438352,1237651252577632382,6.00826822320967E-05
588009365867855886,1237653612116049985,0.000110266699698838
588009365867855886,1237653612116049985,0.000110266699698838
588009370151944309,1237653616400138350,9.71024491600005E-05
588009370151944309,1237653616400138350,9.71024491600005E-05
588009370692419716,1237653616940613790,9.01386785039299E-05
588009370692419716,1237653616940613790,9.01386785039299E-05
588010358010806435,1237654604259000471,5.01056334902493E-06
588010358010806435,1237654604259000471,5.01056334902493E-06
588010358538436820,1237654604786630836,7.24541041197066E-06
588010358538436820,1237654604786630836,7.24541041197066E-06
588010359085793406,1237654605333987454,2.54067997309384E-06
588010359620370509,1237654605868564536,3.38987945651469E-06
588010878770806829,1237655125019000990,1.0930461427599E-05
588010878770806829,1237655125019000990,1.0930461427599E-05
588010878770806829,1237655125019000990,1.0930461427599E-05
588010879304401123,1237655125552595166,3.67123517870834E-06
588010879304401123,1237655125552595166,3.67123517870834E-06
588010879830917287,1237655126079111342,3.54565766958072E-06
588010879830917287,1237655126079111342,3.54565766958072E-06
588010880382402688,1237655126630596743,3.28697213368963E-06
588011098336002156,1237655344584196201,9.44430541331577E-05
588011098336002156,1237655344584196201,9.44430541331577E-05
588011099410202710,1237655345658396760,9.26528734448297E-05
588011101566927019,1237655347815121073,3.19037114508948E-05
588011101566927019,1237655347815121073,3.19037114508948E-05
588011123043532914,1237655369291726957,8.24710945455118E-05
588011123043532914,1237655369291726957,8.24710945455118E-05
588011123578896548,1237655369827090591,9.57547077428794E-05
588011123578896548,1237655369827090591,9.57547077428794E-05
588011124113014912,1237655370361208957,7.19613123169418E-05
588011219682328741,1237655465930522763,6.71797333189582E-05
588013382202294443,1237657628450488465,9.90399787515195E-05
588013382202294443,1237657628450488465,9.90399787515195E-05
588013382718259763,1237657628966453772,2.36285707992518E-06
588015507666436187,1237659753914630215,1.39596453129729E-05
588015507666501713,1237659753914695820,3.45727309603127E-06
588015508217135243,1237659754465329287,4.79082158995676E-06
588015508217135243,1237659754465329287,4.79082158995676E-06
588015508737949796,1237659754986143885,3.044363983322E-06
588015509269708902,1237659755517902935,4.3178380355472E-06
588015509269708902,1237659755517902935,4.3178380355472E-06
588015509269708902,1237659755517902935,4.3178380355472E-06
588015509272264789,1237659755520458823,1.23221800048295E-05
588015509272264789,1237659755520458823,1.23221800048295E-05
588015509274099894,1237659755522293961,1.04812020598248E-05
588015509813526599,1237659756061720632,1.06816309628968E-05
588015510355771596,1237659756603965642,1.298770484676E-06
588016840712913140,1237661086961107053,7.10537776465717E-06
588016840712913140,1237661086961107053,7.10537776465717E-06
588016840712913140,1237661086961107053,7.10537776465717E-06
588016890638893192,1237661136887087257,7.34378030002988E-06
588016890638893192,1237661136887087257,7.34378030002988E-06
588016891178254567,1237661137426448598,8.13118225397082E-06
588016891713880096,1237661137962074263,6.06904854070286E-06
588016891713880096,1237661137962074263,6.06904854070286E-06
588017110754590867,1237661357002784939,1.0477721658948E-05
588017110754590867,1237661357002784939,1.0477721658948E-05
588017116130443290,1237661362378637455,3.75114053063485E-05
588017603628171406,1237661849876365461,1.69193693775697E-05
588017625076531290,1237661871324725373,2.17119214212935E-06
588017627242692927,1237661873490886968,4.62083152848931E-06
588017627242692927,1237661873490886968,4.62083152848931E-06
588017627768029322,1237661874016223368,7.28956413611069E-06
588017627768029322,1237661874016223368,7.28956413611069E-06
588017702933495911,1237661949181689959,2.80953167511921E-06
588017702933495911,1237661949181689959,2.80953167511921E-06
588017702948765839,1237661949196959852,3.58218761756704E-06
588017702948765839,1237661949196959852,3.58218761756704E-06
588017704549482571,1237661950797676599,1.06847600647827E-05
588017704549482571,1237661950797676599,1.06847600647827E-05
588017704549482571,1237661950797676599,1.06847600647827E-05
588017705074622544,1237661951322816584,1.05407057776384E-05
588017712584982713,1237661958833176761,4.78741102595835E-05
588017712584982713,1237661958833176761,4.78741102595835E-05
588017720644665417,1237661966892859454,5.11402568743459E-06
588017726021304471,1237661972269498500,3.18963841043838E-06
588017726021304471,1237661972269498500,3.18963841043838E-06
588017726549327978,1237661972797522108,2.51591188167979E-05
588017726549327978,1237661972797522108,2.51591188167979E-05
588017726549327978,1237661972797522108,2.51591188167979E-05
588017949883891829,1237662196132085863,2.30674231713093E-06
588017977828638902,1237662224076832954,5.96637330292295E-06
588017977828638902,1237662224076832954,5.96637330292295E-06
588017977828638902,1237662224076832954,5.96637330292295E-06
588017979976057002,1237662226224251029,2.50589979065328E-06
588017979976057002,1237662226224251029,2.50589979065328E-06
588017979976057002,1237662226224251029,2.50589979065328E-06
588017990692962418,1237662236941156464,3.84249693665473E-06
588017990692962418,1237662236941156464,3.84249693665473E-06
588017990692962418,1237662236941156464,3.84249693665473E-06
588017990692962418,1237662236941156464,3.84249693665473E-06
588017991224918048,1237662237473112227,4.30392015229999E-06
588017991224918048,1237662237473112227,4.30392015229999E-06
588018089471377649,1237662335719571689,5.46295644723703E-06
588018089471377649,1237662335719571689,5.46295644723703E-06
588018089471377649,1237662335719571689,5.46295644723703E-06
588018254300971344,1237662500549165413,1.57339731112027E-06
588018254300971344,1237662500549165413,1.57339731112027E-06
588023239670235391,1237667485918429442,3.69625880672886E-06
588023239670235391,1237667485918429442,3.69625880672886E-06
588023239670235391,1237667485918429442,3.69625880672886E-06
588023668101808274,1237667914350002323,2.0735085338209E-06
588023668101808274,1237667914350002323,2.0735085338209E-06
588023668101808274,1237667914350002323,2.0735085338209E-06
588290880029130950,1237653651300614333,6.92659028090031E-06
588290880029130950,1237653651300614333,6.92659028090031E-06
588295841246806070,1237658612518289447,2.10574062131041E-05
588297865796452456,1237660637067935837,2.84457435566681E-05
588297865796452456,1237660637067935837,2.84457435566681E-05
588297865796452456,1237660637067935837,2.84457435566681E-05
588298661964939328,1237661433236422707,2.42984500467933E-06
588848898820866365,1237648720138928484,8.0915192609551E-05
588848899370975362,1237648720689037418,7.08034452397546E-06
588848899370975362,1237648720689037418,7.08034452397546E-06
588848899370975362,1237648720689037418,7.08034452397546E-06
588848899370975362,1237648720689037418,7.08034452397546E-06
588848899378118716,1237648720696180875,4.93878148925481E-06
588848899395486013,1237648720713548158,1.95274121892151E-05
588848899395486013,1237648720713548158,1.95274121892151E-05
588848899902472388,1237648721220534469,1.21141779243982E-05
588848899902472388,1237648721220534469,1.21141779243982E-05
588848899902472388,1237648721220534469,1.21141779243982E-05
588848899902472388,1237648721220534469,1.21141779243982E-05
588848899905683681,1237648721223745739,3.73750405711872E-06
588848899905683681,1237648721223745739,3.73750405711872E-06
588848900459135219,1237648721777197315,9.83332545691186E-06
588848900965401007,1237648722283463138,1.8128873428428E-05
588848900995809401,1237648722313871478,9.79612535893079E-07
588848901002166487,1237648722320228562,8.5274369698107E-06
588848901002166487,1237648722320228562,8.5274369698107E-06